unix_ms,latitude,longitude,altitude_m,speed_mps,steeringAngleDegree
1.7636E+12,35.19317801,-97.43858256,327.1347199,3.725581169,-0.300000012
1.7636E+12,35.19317762,-97.43858448,327.1420854,3.783392668,-0.300000012
1.7636E+12,35.19317727,-97.4385862,327.1488503,3.825903893,-0.100000001
1.7636E+12,35.19317686,-97.43858823,327.157984,3.890577078,1
1.7636E+12,35.19317644,-97.43859027,327.1637102,3.932676554,2
1.7636E+12,35.19317607,-97.43859207,327.1683665,3.968770027,2.5
1.7636E+12,35.19317555,-97.43859471,327.1765149,4.020877838,2.599999905
1.7636E+12,35.19317526,-97.43859616,327.1821258,4.040102482,2.5
1.7636E+12,35.19317482,-97.43859833,327.1884248,4.067232609,2.5
1.7636E+12,35.19317447,-97.43860001,327.1928657,4.08557272,2.5
1.7636E+12,35.19317403,-97.43860219,327.1943372,4.105099201,2.200000048
1.7636E+12,35.1931736,-97.43860431,327.1970056,4.123387814,2.099999905
1.7636E+12,35.19317326,-97.43860598,327.1996934,4.13478756,2.099999905
1.7636E+12,35.19317281,-97.43860818,327.2015875,4.145656109,2.099999905
1.7636E+12,35.19317236,-97.43861035,327.2027552,4.173963547,2.099999905
1.7636E+12,35.19317192,-97.43861251,327.2064802,4.208190441,2.099999905
1.7636E+12,35.19317152,-97.43861443,327.2055984,4.227883816,2.299999952
1.7636E+12,35.19317107,-97.43861669,327.2046413,4.243768215,2.799999952
1.7636E+12,35.1931706,-97.438619,327.206476,4.256980896,3.799999952
1.7636E+12,35.19317022,-97.43862082,327.2055873,4.258825302,4.900000095
1.7636E+12,35.19317089,-97.43862697,327.0568262,4.269258976,6
1.7636E+12,35.19317046,-97.43862937,327.0573583,4.283148766,7.300000191
1.7636E+12,35.19317011,-97.43863134,327.0577202,4.293019772,8.199999809
1.7636E+12,35.19316968,-97.43863376,327.0583158,4.299254417,9.100000381
1.7636E+12,35.19316933,-97.43863567,327.0586466,4.300853252,10
1.7636E+12,35.19316889,-97.43863813,327.0585989,4.297119141,10.69999981
1.7636E+12,35.19316848,-97.43864047,327.0606535,4.288446903,12
1.7636E+12,35.19316814,-97.43864234,327.0609321,4.276385784,12.80000019
1.7636E+12,35.19316768,-97.43864485,327.0626705,4.264586926,13.89999962
1.7636E+12,35.19316725,-97.43864718,327.0643666,4.269422531,15
1.7636E+12,35.19316688,-97.43864912,327.065632,4.277587891,15.80000019
1.7636E+12,35.19316641,-97.43865149,327.0654993,4.287444592,17
1.7636E+12,35.19316597,-97.43865375,327.0661004,4.292264938,19
1.7636E+12,35.19316552,-97.43865609,327.0658573,4.290539265,21.70000076
1.7636E+12,35.19316514,-97.43865807,327.0656744,4.288825035,24.5
1.7636E+12,35.19316471,-97.4386602,327.0675445,4.281023026,29.20000076
1.7636E+12,35.19316423,-97.43866245,327.0670055,4.281581879,33.59999847
1.7636E+12,35.19316378,-97.43866464,327.0681653,4.268493652,37.90000153
1.7636E+12,35.19316329,-97.43866698,327.0690025,4.253232956,42.5
1.7636E+12,35.19316282,-97.43866915,327.0690766,4.236701965,47.29999924
1.7636E+12,35.193162,-97.43867196,326.8703487,4.21557188,50.59999847
1.7636E+12,35.1931615,-97.43867414,326.8691625,4.183783531,56.59999847
1.7636E+12,35.19316096,-97.43867643,326.8679962,4.168795586,59.29999924
1.7636E+12,35.1931604,-97.43867874,326.866717,4.144507408,64.40000153
1.7636E+12,35.1931599,-97.4386807,326.8656251,4.122178555,70.69999695
1.7636E+12,35.19315933,-97.43868294,326.8648147,4.107861042,77.5
1.7636E+12,35.19315874,-97.43868515,326.8633301,4.088938236,84.19999695
1.7636E+12,35.19315813,-97.43868736,326.8622968,4.074268818,90.5
1.7636E+12,35.1931576,-97.43868923,326.8612219,4.065890789,95.30000305
1.7636E+12,35.19315692,-97.43869144,326.8609109,4.053747177,102.8000031
1.7636E+12,35.19315622,-97.43869365,326.8597188,4.043349743,110.9000015
1.7636E+12,35.19315562,-97.43869548,326.8591916,4.034472942,116.4000015
1.7636E+12,35.19315489,-97.43869761,326.8587612,4.020688057,123
1.7636E+12,35.19315412,-97.43869978,326.8581754,4.006742001,128.6999969
1.7636E+12,35.19315333,-97.43870192,326.8576278,3.988991261,134
1.7636E+12,35.19315265,-97.43870369,326.8573661,3.973156452,138.1000061
1.7636E+12,35.19315178,-97.43870584,326.857075,3.944942713,145.1999969
1.7636E+12,35.19315089,-97.43870799,326.856292,3.911672592,153.8000031
1.7636E+12,35.19315015,-97.43870971,326.855882,3.901565313,157.6000061
1.7636E+12,35.19314925,-97.43871173,326.8564426,3.889330626,162.5
1.7636E+12,35.19314695,-97.43871383,326.7412532,3.874625683,168.6000061
1.7636E+12,35.19314606,-97.43871561,326.7425231,3.859167337,172.6999969
1.7636E+12,35.19314506,-97.43871754,326.7443651,3.854732037,176.1999969
1.7636E+12,35.19314405,-97.4387194,326.7467642,3.849534512,179.6999969
1.7636E+12,35.19314316,-97.43872096,326.7496811,3.850586414,181.6999969
1.7636E+12,35.19314205,-97.43872283,326.7540615,3.850607634,183.6000061
1.7636E+12,35.19314093,-97.43872466,326.7581976,3.845573187,184.6999969
1.7636E+12,35.19314,-97.43872615,326.7612658,3.832103014,185.1000061
1.7636E+12,35.19313887,-97.43872788,326.7658415,3.824722052,185.1000061
1.7636E+12,35.1931378,-97.43872946,326.7706902,3.821466208,184.8999939
1.7636E+12,35.19313666,-97.43873113,326.775384,3.819812059,184.8000031
1.7636E+12,35.1931355,-97.43873279,326.7797778,3.810677528,184.6000061
1.7636E+12,35.1931343,-97.43873443,326.7850765,3.811037779,184.6000061
1.7636E+12,35.19313326,-97.43873582,326.7888881,3.810962677,184.6000061
1.7636E+12,35.193132,-97.43873746,326.793381,3.808617353,184.5
1.7636E+12,35.19313074,-97.43873908,326.7977041,3.803277016,184.5
1.7636E+12,35.19312963,-97.43874046,326.8016314,3.800570726,184.6000061
1.7636E+12,35.19312832,-97.43874202,326.8075933,3.796898603,184.8000031
1.7636E+12,35.19312699,-97.43874357,326.8144642,3.788005829,186.3000031
1.7636E+12,35.19312587,-97.43874478,326.8209608,3.78683567,188.8000031
1.7636E+12,35.19312373,-97.43874682,326.7055649,3.791829109,193.6000061
1.7636E+12,35.19312242,-97.43874817,326.7136899,3.795174122,199.3999939
1.7636E+12,35.19312104,-97.43874953,326.7222948,3.79853344,204.8999939
1.7636E+12,35.19311994,-97.43875059,326.7291307,3.799764633,209.8000031
1.7636E+12,35.19311852,-97.43875189,326.737272,3.808609009,215.3999939
1.7636E+12,35.19311709,-97.43875316,326.7448757,3.814296246,221.1999969
1.7636E+12,35.19311565,-97.43875437,326.7525838,3.818477154,226.8000031
1.7636E+12,35.1931144,-97.43875538,326.7586193,3.822820425,231.5
1.7636E+12,35.19311297,-97.43875648,326.7656296,3.824754715,238.1000061
1.7636E+12,35.19311147,-97.43875757,326.7728703,3.827800512,242.8000031
1.7636E+12,35.19310988,-97.43875866,326.77984,3.824839354,247.6000061
1.7636E+12,35.19310835,-97.43875963,326.7867814,3.821453333,251.1000061
1.7636E+12,35.19310675,-97.43876058,326.7947229,3.816009998,253.8999939
1.7636E+12,35.19310538,-97.43876134,326.8016543,3.817244053,255.1999969
1.7636E+12,35.19310377,-97.43876218,326.8105845,3.81047225,255.6999969
1.7636E+12,35.19310213,-97.43876298,326.8194072,3.801365137,255.6999969
1.7636E+12,35.19310072,-97.43876363,326.8270688,3.791574717,255.6999969
1.7636E+12,35.19309911,-97.43876431,326.8366603,3.781697989,255.6999969
1.7636E+12,35.19309748,-97.43876496,326.8468006,3.774202585,255.6999969
1.7636E+12,35.19309546,-97.43876676,326.8018329,3.761048079,256.1000061
1.7636E+12,35.1930946,-97.43876707,326.8068416,3.752069712,256.3999939
1.7636E+12,35.1930929,-97.43876763,326.8164771,3.722990513,257.7999878
1.7636E+12,35.19309159,-97.43876803,326.8241096,3.700495958,258.5
1.7636E+12,35.19308989,-97.43876851,326.8329414,3.673618555,258.8999939
1.7636E+12,35.19308857,-97.43876886,326.8398847,3.647628069,258.8999939
1.7636E+12,35.19308698,-97.43876921,326.8491746,3.627671957,258.8999939
1.7636E+12,35.19308544,-97.43876949,326.8579317,3.607675552,258.8999939
1.7636E+12,35.19308389,-97.43876972,326.8678483,3.582597494,258.8999939
1.7636E+12,35.19308259,-97.43876988,326.8763874,3.566975594,258.8999939
1.7636E+12,35.19308106,-97.43877003,326.8871619,3.55032897,258.8999939
1.7636E+12,35.19307955,-97.43877013,326.8979174,3.536632776,258.8999939
1.7636E+12,35.19307807,-97.43877019,326.9083821,3.524382591,258.8999939
1.7636E+12,35.19307669,-97.43877022,326.9177735,3.51191473,258.8999939
1.7636E+12,35.19307519,-97.4387702,326.9278072,3.500873327,258.8999939
1.7636E+12,35.19307372,-97.43877015,326.9374422,3.4949615,258.8999939
1.7636E+12,35.19307249,-97.43877007,326.9451792,3.490290642,258.8999939
1.7636E+12,35.19307104,-97.43876997,326.9546925,3.487617016,258.8999939
1.7636E+12,35.19306962,-97.43876985,326.9636613,3.481091022,258.8999939
1.7636E+12,35.19306846,-97.43877064,326.9475965,3.485878706,258.8999939
1.7636E+12,35.19306763,-97.43877053,326.9524157,3.488938808,259
1.7636E+12,35.1930662,-97.43877031,326.9615841,3.500234127,259.5
1.7636E+12,35.19306481,-97.43877005,326.9714084,3.518523455,260.1000061
1.7636E+12,35.19306339,-97.43876973,326.981817,3.532709122,261.1000061
1.7636E+12,35.19306197,-97.43876937,326.9918144,3.549700975,262
1.7636E+12,35.19306058,-97.43876897,327.0013082,3.577615976,262.7000122
1.7636E+12,35.19305937,-97.4387686,327.0092553,3.600185871,262.8999939
1.7636E+12,35.19305798,-97.43876814,327.0180911,3.636386395,263.5
1.7636E+12,35.1930566,-97.43876763,327.0273448,3.664356947,264.7999878
1.7636E+12,35.19305529,-97.43876711,327.0357616,3.686350822,266.6000061
1.7636E+12,35.19305394,-97.43876652,327.0446909,3.712851048,268.2000122
1.7636E+12,35.19305257,-97.43876589,327.0535062,3.743978262,269
1.7636E+12,35.19305141,-97.43876535,327.060655,3.767981052,269
1.7636E+12,35.19305004,-97.43876468,327.0697909,3.79104495,269
1.7636E+12,35.19304868,-97.43876397,327.0800662,3.815750599,269
1.7636E+12,35.19304765,-97.43876341,327.0878382,3.837220192,268.7999878
1.7636E+12,35.19304627,-97.4387626,327.0988245,3.861907482,268.2000122
1.7636E+12,35.19304503,-97.43876182,327.1088607,3.890210152,267.1000061
1.7636E+12,35.19304372,-97.43876091,327.119101,3.916430473,266.1000061
1.7636E+12,35.19304238,-97.43875997,327.1297581,3.94638586,265.5
1.7636E+12,35.19303836,-97.43875752,327.0554461,3.992009401,265.2999878
1.7636E+12,35.19303791,-97.43875731,327.0593646,3.997060299,265.2999878
1.7636E+12,35.19303654,-97.43875621,327.0681452,4.018459797,265.2999878
1.7636E+12,35.19303522,-97.43875502,327.0771549,4.044518948,265.2999878
1.7636E+12,35.19303411,-97.43875403,327.0847398,4.067368507,265.1000061
1.7636E+12,35.19303288,-97.4387528,327.0941593,4.083304882,264.6000061
1.7636E+12,35.19303165,-97.43875149,327.1038809,4.096152782,263.7999878
1.7636E+12,35.19303073,-97.4387505,327.1114441,4.102505684,263.2999878
1.7636E+12,35.19302949,-97.43874911,327.1216436,4.110468864,263
1.7636E+12,35.1930284,-97.43874778,327.131493,4.123374939,263
1.7636E+12,35.19302726,-97.43874639,327.1423901,4.132484913,263
1.7636E+12,35.19302622,-97.43874509,327.152612,4.143351555,263
1.7636E+12,35.19302515,-97.43874366,327.1632355,4.150064945,263
1.7636E+12,35.1930241,-97.43874219,327.1739447,4.153066158,262.8999939
1.7636E+12,35.19302319,-97.43874091,327.1835437,4.163552761,262.6000061
1.7636E+12,35.19302223,-97.43873939,327.1944271,4.175336838,261.7999878
1.7636E+12,35.19302129,-97.4387378,327.205872,4.178394794,260.2000122
1.7636E+12,35.19302039,-97.43873624,327.2166014,4.188026905,257.7999878
1.7636E+12,35.19301765,-97.43873225,327.1309491,4.199776173,252.3999939
1.7636E+12,35.19301718,-97.43873162,327.135516,4.205755234,250.8000031
1.7636E+12,35.19301634,-97.4387299,327.1466732,4.219996452,246.6000061
1.7636E+12,35.19301562,-97.43872835,327.1573447,4.236346722,242.6999969
1.7636E+12,35.19301482,-97.43872658,327.1697404,4.25543642,239.8000031
1.7636E+12,35.19301409,-97.43872511,327.1809217,4.267159462,239
1.7636E+12,35.19301325,-97.43872333,327.1940135,4.297348499,239
1.7636E+12,35.19301239,-97.43872167,327.2075808,4.320374966,239.3000031
1.7636E+12,35.19301145,-97.43871989,327.2222216,4.346196651,239.5
1.7636E+12,35.19301052,-97.43871812,327.2360446,4.359647751,239.6000061
1.7636E+12,35.19300963,-97.43871626,327.2497876,4.365497589,239.6000061
1.7636E+12,35.19300894,-97.43871489,327.2605597,4.377760887,239.6000061
1.7636E+12,35.19300819,-97.4387129,327.2748595,4.390403748,239.3000031
1.7636E+12,35.19300749,-97.43871094,327.2892354,4.402532101,238.1000061
1.7636E+12,35.19300678,-97.43870901,327.3029585,4.407387733,236.6000061
1.7636E+12,35.19300626,-97.43870735,327.3148513,4.407950878,234.6999969
1.7636E+12,35.19300578,-97.43870531,327.328443,4.417312622,230.8000031
1.7636E+12,35.19300535,-97.43870313,327.3430156,4.432665825,224.3999939
1.7636E+12,35.19300497,-97.43870152,327.3534753,4.447638512,217.5
1.7636E+12,35.19300463,-97.43869953,327.3659249,4.467032433,203.6999969
1.7636E+12,35.19300264,-97.43869338,327.3171836,4.478844643,180.6000061
1.7636E+12,35.19300234,-97.43869219,327.3254823,4.482167721,174.3999939
1.7636E+12,35.19300195,-97.43869049,327.3369943,4.487493038,160.5
1.7636E+12,35.19300159,-97.43868839,327.3503902,4.499289513,148.8999939
1.7636E+12,35.19300125,-97.43868631,327.364095,4.514623642,138
1.7636E+12,35.19300088,-97.43868419,327.377438,4.534784794,125.4000015
1.7636E+12,35.19300058,-97.43868242,327.389263,4.552217007,117.5999985
1.7636E+12,35.19300025,-97.43868028,327.4033948,4.573582172,109.3000031
1.7636E+12,35.19299987,-97.43867816,327.4169616,4.596891403,99.69999695
1.7636E+12,35.19299946,-97.4386763,327.4283342,4.607029915,93.90000153
1.7636E+12,35.19299904,-97.43867413,327.4410203,4.621537685,87.19999695
1.7636E+12,35.19299856,-97.43867194,327.4533121,4.641507626,81.30000305
1.7636E+12,35.19299805,-97.43866976,327.4672436,4.659379005,78.19999695
1.7636E+12,35.19299751,-97.43866784,327.4791386,4.672065735,77.30000305
1.7636E+12,35.19299703,-97.43866566,327.4929165,4.692544937,77.19999695
1.7636E+12,35.1929966,-97.43866358,327.505956,4.710718632,76.69999695
1.7636E+12,35.19299617,-97.43866126,327.5202137,4.730038166,74.09999847
1.7636E+12,35.19299571,-97.43865925,327.5331689,4.754977703,67.69999695
1.7636E+12,35.19299541,-97.43865702,327.5469384,4.776434422,58.90000153
1.7636E+12,35.19299517,-97.43865484,327.5604176,4.812773228,47.40000153
1.7636E+12,35.19299128,-97.43863334,327.3904751,4.848397732,34.29999924
1.7636E+12,35.19299112,-97.43863254,327.3960619,4.857018471,30.5
1.7636E+12,35.19299086,-97.43863002,327.4087407,4.872113705,20.89999962
1.7636E+12,35.1929906,-97.43862758,327.4192574,4.895861149,11.19999981
1.7636E+12,35.19299032,-97.43862508,327.4306318,4.917203903,1.600000024
1.7636E+12,35.19299007,-97.43862293,327.4420418,4.950460911,-7.599999905
1.7636E+12,35.19298977,-97.43862014,327.4544674,4.978577137,-18.5
1.7636E+12,35.1929895,-97.43861814,327.4636231,5.000067234,-26.39999962
1.7636E+12,35.19298921,-97.43861566,327.4739077,5.037201405,-36
1.7636E+12,35.19298893,-97.43861343,327.4846744,5.065293789,-45.09999847
1.7636E+12,35.19298858,-97.43861094,327.4966944,5.090269089,-53.20000076
1.7636E+12,35.19298828,-97.43860884,327.5076007,5.113379478,-61.59999847
1.7636E+12,35.19298787,-97.43860635,327.5194106,5.135558128,-66.30000305
1.7636E+12,35.19298744,-97.43860386,327.5303959,5.171987534,-71.30000305
1.7636E+12,35.19298706,-97.43860183,327.5394209,5.193806648,-72.19999695
1.7636E+12,35.19298659,-97.43859948,327.5501809,5.220640659,-71.5
1.7636E+12,35.19298608,-97.43859703,327.5622951,5.253990173,-68.90000153
1.7636E+12,35.19298562,-97.43859496,327.5730793,5.279564381,-63.90000153
1.7636E+12,35.19298507,-97.43859252,327.5856321,5.290188789,-57.20000076
1.7636E+12,35.19298449,-97.43859011,327.5984818,5.303805351,-49.70000076
1.7636E+12,35.19298162,-97.43857641,327.4235591,5.32943964,-39
1.7636E+12,35.19298138,-97.43857536,327.4285525,5.333100319,-37.90000153
1.7636E+12,35.19298077,-97.43857276,327.4385806,5.353459358,-31.60000038
1.7636E+12,35.19298018,-97.43857019,327.4490968,5.369608879,-27.39999962
1.7636E+12,35.19297967,-97.43856795,327.4577317,5.376843452,-23.39999962
1.7636E+12,35.19297907,-97.4385653,327.4675618,5.38408041,-17.89999962
1.7636E+12,35.19297843,-97.43856249,327.4766786,5.399824142,-10.30000019
1.7636E+12,35.19297794,-97.43856038,327.4844105,5.423784733,-0.699999988
1.7636E+12,35.19297733,-97.43855771,327.4938122,5.452735901,10.5
1.7636E+12,35.19297674,-97.43855508,327.5022964,5.484919548,25.39999962
1.7636E+12,35.19297615,-97.43855239,327.5108343,5.510087013,37.79999924
1.7636E+12,35.19297567,-97.43855017,327.5177254,5.523297787,44.90000153
1.7636E+12,35.19297512,-97.43854738,327.5254641,5.544983387,57.90000153
1.7636E+12,35.19297464,-97.43854472,327.5328587,5.561015606,68.59999847
1.7636E+12,35.19297421,-97.43854203,327.5411107,5.571210384,75.59999847
1.7636E+12,35.19297388,-97.43853971,327.5488385,5.569901466,80.30000305
1.7636E+12,35.19297352,-97.43853688,327.5581524,5.552845001,86.40000153
1.7636E+12,35.19297324,-97.43853448,327.5657336,5.535345078,93.5
1.7636E+12,35.19297296,-97.43853169,327.573798,5.519924164,101
1.7636E+12,35.19297275,-97.43852932,327.5813412,5.508281231,106.6999969
1.7636E+12,35.19297257,-97.43852663,327.5903102,5.481563091,114.5
1.7636E+12,35.19297288,-97.43851323,327.3728444,5.452329636,121.3000031
1.7636E+12,35.19297282,-97.43851082,327.3779357,5.430247784,125.6999969
1.7636E+12,35.1929728,-97.43850796,327.3844913,5.404906273,131.3999939
1.7636E+12,35.19297282,-97.43850514,327.3917352,5.378594875,137
1.7636E+12,35.19297289,-97.43850233,327.3992797,5.347021103,142.3999939
1.7636E+12,35.19297299,-97.4384999,327.4052726,5.32509613,146.3000031
1.7636E+12,35.19297315,-97.43849705,327.4113435,5.293121338,151.6999969
1.7636E+12,35.19297337,-97.43849428,327.4174871,5.276186943,154.3000031
1.7636E+12,35.1929736,-97.43849198,327.4241008,5.269993782,155.8999939
1.7636E+12,35.19297393,-97.43848925,327.4330735,5.264774323,157.6999969
1.7636E+12,35.1929743,-97.43848656,327.4415964,5.249832153,158.8000031
1.7636E+12,35.19297466,-97.43848422,327.448663,5.241942406,159.1000061
1.7636E+12,35.19297512,-97.43848147,327.45691,5.246928692,159.1000061
1.7636E+12,35.19297562,-97.43847876,327.4653315,5.256329536,159.1000061
1.7636E+12,35.19297606,-97.43847655,327.4724833,5.266746998,159.1000061
1.7636E+12,35.19297663,-97.43847386,327.4810953,5.255150795,159.1000061
1.7636E+12,35.19297721,-97.43847133,327.4887653,5.233273029,159.1000061
1.7636E+12,35.19297786,-97.43846871,327.4968996,5.202022552,159.1000061
1.7636E+12,35.19297841,-97.4384666,327.5039713,5.188550949,159.1000061
1.7636E+12,35.19297912,-97.43846406,327.5121496,5.174192429,159.1000061
1.7636E+12,35.19298107,-97.43845522,327.3104617,5.145329475,159.1999969
1.7636E+12,35.19298193,-97.43845263,327.317498,5.113109589,159.8000031
1.7636E+12,35.19298283,-97.43845009,327.3233106,5.084834576,161.8999939
1.7636E+12,35.19298361,-97.43844796,327.3284454,5.049642563,165.3999939
1.7636E+12,35.19298457,-97.43844548,327.3343994,5.016801834,169.8999939
1.7636E+12,35.19298555,-97.43844305,327.3406291,4.989993572,174.5
1.7636E+12,35.19298635,-97.43844111,327.3456642,4.971343517,177.1000061
1.7636E+12,35.19298743,-97.43843868,327.3531702,4.940336704,178.6000061
1.7636E+12,35.19298849,-97.43843639,327.3602648,4.902947903,180.1000061
1.7636E+12,35.19298963,-97.43843409,327.3677744,4.871711731,181.8999939
1.7636E+12,35.19299079,-97.43843186,327.3752885,4.838774204,182.6999969
1.7636E+12,35.19299172,-97.43843009,327.3798892,4.810988903,182.6000061
1.7636E+12,35.19299296,-97.43842789,327.3852381,4.776494026,182.3999939
1.7636E+12,35.19299419,-97.43842581,327.3899341,4.7493577,180.6000061
1.7636E+12,35.19299545,-97.43842373,327.3945643,4.722536087,178
1.7636E+12,35.19299649,-97.43842202,327.398282,4.704137325,176.1999969
1.7636E+12,35.19299775,-97.43842005,327.4038725,4.67173481,173.3999939
1.7636E+12,35.19299893,-97.43841823,327.4088095,4.645222664,168.3000031
1.7636E+12,35.19300023,-97.4384163,327.4147598,4.618152618,159.6999969
1.7636E+12,35.19300156,-97.43841438,327.4219189,4.593257427,144.3000031
1.7636E+12,35.19300558,-97.43841,327.244634,4.578467369,131.3999939
1.7636E+12,35.19300704,-97.43840815,327.2497801,4.55940485,115.4000015
1.7636E+12,35.19300848,-97.43840633,327.2551502,4.543890953,100.6999969
1.7636E+12,35.19300968,-97.43840477,327.2594462,4.534934521,89.30000305
1.7636E+12,35.19301108,-97.43840296,327.2644806,4.523699284,75.09999847
1.7636E+12,35.19301247,-97.43840113,327.2694177,4.504246235,55.90000153
1.7636E+12,35.19301378,-97.43839939,327.2747236,4.496955872,44.70000076
1.7636E+12,35.19301546,-97.43839712,327.2816371,4.483909607,27.39999962
1.7636E+12,35.19301635,-97.43839586,327.2857992,4.479172707,15.30000019
1.7636E+12,35.19301765,-97.43839403,327.2922492,4.469417095,-3.5
1.7636E+12,35.19301871,-97.43839246,327.2978527,4.460772038,-15.89999962
1.7636E+12,35.19301996,-97.43839055,327.3045027,4.450040817,-31.39999962
1.7636E+12,35.19302118,-97.43838867,327.3109717,4.446744442,-46.59999847
1.7636E+12,35.19302236,-97.43838679,327.3177027,4.440378189,-61.70000076
1.7636E+12,35.19302321,-97.43838537,327.3217964,4.434237003,-77.30000305
1.7636E+12,35.19302441,-97.43838332,327.3282723,4.426545143,-93.80000305
1.7636E+12,35.19302544,-97.43838144,327.3340914,4.421194553,-110.0999985
1.7636E+12,35.19302646,-97.4383795,327.3398218,4.419164658,-128.6000061
1.7636E+12,35.19302727,-97.43837787,327.3439033,4.418542862,-139.8999939
1.7636E+12,35.19302872,-97.43837083,327.1476275,4.411103725,-161.6000061
1.7636E+12,35.19302904,-97.43837006,327.1498192,4.410255432,-163.8000031
1.7636E+12,35.19302972,-97.43836828,327.1530403,4.411841393,-175
1.7636E+12,35.1930305,-97.4383661,327.1564181,4.409750462,-185
1.7636E+12,35.19303118,-97.43836399,327.1597693,4.404984474,-194.6000061
1.7636E+12,35.19303181,-97.43836185,327.1633562,4.397181511,-205.3999939
1.7636E+12,35.19303232,-97.43835995,327.1665522,4.391851902,-215.8999939
1.7636E+12,35.19303284,-97.43835774,327.1696714,4.384853363,-225.1999969
1.7636E+12,35.1930333,-97.4383555,327.1725647,4.378726482,-233.8000031
1.7636E+12,35.19303364,-97.43835359,327.174815,4.375133514,-239.3000031
1.7636E+12,35.19303397,-97.43835128,327.1774512,4.371848583,-244.3999939
1.7636E+12,35.19303424,-97.43834896,327.1793544,4.369321823,-244.5
1.7636E+12,35.19303441,-97.43834709,327.1811433,4.362532616,-244
1.7636E+12,35.19303456,-97.43834485,327.1837219,4.352858067,-243.3000031
1.7636E+12,35.19303465,-97.43834263,327.186086,4.349764824,-241.3000031
1.7636E+12,35.19303472,-97.43834034,327.1887133,4.355492592,-238.5
1.7636E+12,35.19303474,-97.43833844,327.1906812,4.363963127,-235.3999939
1.7636E+12,35.19303473,-97.43833621,327.1930712,4.369284153,-232.1999969
1.7636E+12,35.19303467,-97.43833394,327.1951096,4.378065586,-229
1.7636E+12,35.19303458,-97.43833173,327.1967469,4.394941807,-224.8999939
1.7636E+12,35.19303448,-97.4383298,327.1978863,4.401386261,-223.3000031
1.7636E+12,35.19303527,-97.43832307,327.0461235,4.412615776,-220.6000061
1.7636E+12,35.19303507,-97.43832071,327.0451036,4.420615196,-217.6999969
1.7636E+12,35.1930348,-97.43831808,327.0443554,4.43032217,-214
1.7636E+12,35.19303459,-97.4383162,327.0436048,4.434230328,-211.6000061
1.7636E+12,35.19303427,-97.43831375,327.0427112,4.440710068,-205.1000061
1.7636E+12,35.19303389,-97.43831107,327.0421682,4.445913792,-194.6000061
1.7636E+12,35.1930336,-97.43830913,327.0420425,4.450392246,-185.3999939
1.7636E+12,35.19303292,-97.43830513,327.0408108,4.447807789,-161.6999969
1.7636E+12,35.19303267,-97.43830362,327.0406676,4.440517426,-148.3999939
1.7636E+12,35.19303239,-97.43830194,327.0403263,4.43955183,-135.8999939
1.7636E+12,35.19303201,-97.43829977,327.0399091,4.441393375,-120.5
1.7636E+12,35.19303166,-97.4382977,327.0393508,4.439477444,-111.3000031
1.7636E+12,35.19303124,-97.43829521,327.0391464,4.436852455,-92.80000305
1.7636E+12,35.19303089,-97.43829314,327.0388077,4.427480221,-78
1.7636E+12,35.1930305,-97.43829072,327.0379434,4.42538929,-64.19999695
1.7636E+12,35.19303015,-97.43828831,327.0368126,4.436058998,-50.20000076
1.7636E+12,35.19302982,-97.43828598,327.0362545,4.446818352,-36.20000076
1.7636E+12,35.19302956,-97.43828375,327.0350249,4.457832813,-21.79999924
1.7636E+12,35.1930293,-97.43828145,327.0347999,4.465432644,-7.300000191
1.7636E+12,35.19303022,-97.43827488,326.9469097,4.491553307,19.70000076
1.7636E+12,35.19303009,-97.43827364,326.9468061,4.4964118,25.60000038
1.7636E+12,35.19302988,-97.4382715,326.946391,4.506410122,37.09999847
1.7636E+12,35.19302965,-97.43826916,326.9464425,4.516592503,50.79999924
1.7636E+12,35.19302943,-97.43826654,326.9473079,4.528437138,63.20000076
1.7636E+12,35.19302926,-97.43826401,326.9469709,4.546440601,74.5
1.7636E+12,35.19302914,-97.43826142,326.9467618,4.567798138,86.40000153
1.7636E+12,35.19302907,-97.43825882,326.9460185,4.577587128,95.40000153
1.7636E+12,35.19302904,-97.43825667,326.9453551,4.58773613,102.4000015
1.7636E+12,35.19302904,-97.43825394,326.9438699,4.600802422,110.5999985
1.7636E+12,35.19302908,-97.43825132,326.9420738,4.616317749,120.0999985
1.7636E+12,35.19302914,-97.43824907,326.9413996,4.628802776,126.4000015
1.7636E+12,35.19302926,-97.43824643,326.9406838,4.645012379,133.8999939
1.7636E+12,35.19302942,-97.43824377,326.9400625,4.659000874,142.3999939
1.7636E+12,35.19302958,-97.43824154,326.9397074,4.672950745,147.5
1.7636E+12,35.19302982,-97.43823888,326.9390148,4.694309711,153.3000031
1.7636E+12,35.1930301,-97.43823622,326.9387968,4.707369804,158.1999969
1.7636E+12,35.19303044,-97.43823356,326.9387721,4.721234798,162.1000061
1.7636E+12,35.19303075,-97.43823139,326.9389471,4.732767105,164.5
1.7636E+12,35.19303117,-97.43822878,326.9390113,4.750803947,166.8000031
1.7636E+12,35.19303163,-97.43822618,326.9396615,4.759740829,167
1.7636E+12,35.1930347,-97.43822257,326.81508,4.768817902,165.3000031
1.7636E+12,35.1930352,-97.43822039,326.815363,4.779023647,162.1999969
1.7636E+12,35.19303585,-97.43821775,326.8160179,4.793575764,156.8999939
1.7636E+12,35.19303652,-97.43821515,326.8172086,4.805789948,145.8000031
1.7636E+12,35.19303722,-97.43821251,326.8184145,4.805195332,142.6999969
1.7636E+12,35.19303783,-97.43821031,326.8195028,4.808251381,134.1999969
1.7636E+12,35.19303855,-97.43820771,326.8204804,4.80930233,125.0999985
1.7636E+12,35.19303924,-97.4382053,326.8212678,4.812289715,115.9000015
1.7636E+12,35.19304002,-97.43820265,326.8225199,4.809429646,106.9000015
1.7636E+12,35.19304078,-97.43820011,326.8240955,4.797297001,98.30000305
1.7636E+12,35.19304156,-97.4381975,326.8258179,4.786077976,88.5
1.7636E+12,35.19304214,-97.43819559,326.8271924,4.779665947,83.80000305
1.7636E+12,35.19304295,-97.43819293,326.8279269,4.762384892,76
1.7636E+12,35.19304372,-97.43819038,326.8287731,4.739668846,67.40000153
1.7636E+12,35.19304451,-97.43818779,326.8297389,4.713911057,61.20000076
1.7636E+12,35.19304527,-97.43818525,326.831223,4.700793266,54.5
1.7636E+12,35.1930459,-97.43818312,326.8324211,4.694325924,50
1.7636E+12,35.19304665,-97.43818058,326.8339558,4.68113184,44
1.7636E+12,35.19304744,-97.43817794,326.8359436,4.660932064,37.29999924
1.7636E+12,35.19304807,-97.43817585,326.837367,4.653720379,31.79999924
1.7636E+12,35.19305084,-97.43817199,326.7361097,4.645731926,21.79999924
1.7636E+12,35.19305138,-97.43817026,326.7368149,4.63918972,19.70000076
1.7636E+12,35.19305197,-97.43816836,326.7369054,4.631204605,17.39999962
1.7636E+12,35.19305275,-97.43816589,326.7368623,4.622309208,15.10000038
1.7636E+12,35.1930535,-97.43816344,326.736598,4.625296593,10.89999962
1.7636E+12,35.19305425,-97.43816095,326.7368053,4.63479948,5.5
1.7636E+12,35.1930549,-97.43815884,326.737908,4.630718708,1.200000048
1.7636E+12,35.19305565,-97.43815635,326.7378591,4.622801304,-5.699999809
1.7636E+12,35.19305642,-97.43815376,326.738527,4.630813122,-13.19999981
1.7636E+12,35.19305705,-97.4381516,326.7374047,4.602724552,-17.39999962
1.7636E+12,35.19305777,-97.43814911,326.7346866,4.632097244,-26.29999924
1.7636E+12,35.19305847,-97.43814668,326.7336336,4.635307312,-34.40000153
1.7636E+12,35.19305917,-97.43814426,326.7349512,4.637854099,-42.90000153
1.7636E+12,35.19305983,-97.43814187,326.7386764,4.644168854,-52.40000153
1.7636E+12,35.19306041,-97.43813976,326.7426904,4.638400078,-62.40000153
1.7636E+12,35.19306102,-97.43813741,326.7458348,4.632365704,-69.90000153
1.7636E+12,35.19306163,-97.43813483,326.7484563,4.623940468,-78.40000153
1.7636E+12,35.1930622,-97.43813226,326.7506421,4.623242378,-82.30000305
1.7636E+12,35.19306273,-97.43812971,326.7526763,4.627941608,-84.30000305
1.7636E+12,35.19306313,-97.43812766,326.7550727,4.630455494,-85.90000153
1.7636E+12,35.19306361,-97.43812509,326.7581797,4.635407448,-87.59999847
1.7636E+12,35.19306476,-97.43812097,326.6344483,4.549296379,-88.69999695
1.7636E+12,35.19306496,-97.43811978,326.635211,4.546866417,-88.69999695
1.7636E+12,35.1930653,-97.43811758,326.6343971,4.544042587,-88.90000153
1.7636E+12,35.19306568,-97.43811497,326.633174,4.548999786,-89.5
1.7636E+12,35.19306604,-97.43811238,326.6323637,4.55756855,-90.80000305
1.7636E+12,35.19306638,-97.4381098,326.6320882,4.565676689,-93.09999847
1.7636E+12,35.19306666,-97.43810761,326.6317328,4.567749023,-95.69999695
1.7636E+12,35.19306697,-97.438105,326.6317804,4.556251526,-101.5
1.7636E+12,35.19306727,-97.43810241,326.6310058,4.548370361,-104.6999969
1.7636E+12,35.19306751,-97.43810023,326.6299907,4.544440269,-107.5
1.7636E+12,35.19306777,-97.43809768,326.6287106,4.547486305,-111.9000015
1.7636E+12,35.19306801,-97.43809506,326.6284086,4.560302734,-117
1.7636E+12,35.19306822,-97.43809249,326.6276777,4.56508112,-120.5999985
1.7636E+12,35.19306838,-97.43809028,326.6266537,4.573995113,-123.6999969
1.7636E+12,35.19306852,-97.43808767,326.6251144,4.582986355,-124.6999969
1.7636E+12,35.19306859,-97.43808505,326.6234864,4.588151932,-124.3000031
1.7636E+12,35.19306863,-97.43808243,326.6219061,4.58997345,-122.1999969
1.7636E+12,35.19306863,-97.43808022,326.6205294,4.598711014,-116.0999985
1.7636E+12,35.19306863,-97.43807758,326.6195624,4.606946468,-107.0999985
1.7636E+12,35.1930686,-97.43807497,326.6184426,4.61556673,-97.59999847
1.7636E+12,35.19306857,-97.43807236,326.6178158,4.622852325,-88.19999695
1.7636E+12,35.19306883,-97.43806974,326.5758299,4.622731209,-78.5
1.7636E+12,35.1930688,-97.43806755,326.5744364,4.620826244,-71
1.7636E+12,35.19306878,-97.43806491,326.5727651,4.629890442,-58.79999924
1.7636E+12,35.19306875,-97.43806223,326.5719198,4.642013073,-47.59999847
1.7636E+12,35.19306873,-97.43805957,326.5712153,4.65594101,-35.59999847
1.7636E+12,35.19306873,-97.43805728,326.570721,4.666386604,-22.10000038
1.7636E+12,35.19306873,-97.43805463,326.5706091,4.674212456,-8
1.7636E+12,35.19306873,-97.43805196,326.5706281,4.679911613,7.300000191
1.7636E+12,35.19306875,-97.43804921,326.570722,4.686731815,26.60000038
1.7636E+12,35.19306878,-97.43804697,326.5708149,4.693451405,39.79999924
1.7636E+12,35.19306882,-97.43804427,326.5718429,4.70387125,56.20000076
1.7636E+12,35.1930689,-97.43804164,326.5716989,4.713855743,72.09999847
1.7636E+12,35.19306903,-97.4380389,326.5716095,4.72851181,87.09999847
1.7636E+12,35.19306918,-97.4380366,326.5712919,4.7335186,100.9000015
1.7636E+12,35.19306942,-97.43803389,326.5691027,4.745455742,114.4000015
1.7636E+12,35.19306971,-97.43803115,326.5675021,4.757708549,128.1000061
1.7636E+12,35.19306999,-97.43802893,326.5670705,4.765543461,142
1.7636E+12,35.1930704,-97.43802608,326.5660442,4.775764465,157.8999939
1.7636E+12,35.19307187,-97.43802278,326.4734078,4.790110111,172.5
1.7636E+12,35.19307234,-97.43802041,326.472965,4.79280138,179.3999939
1.7636E+12,35.19307297,-97.43801766,326.4722795,4.796331406,190
1.7636E+12,35.19307366,-97.43801498,326.4719899,4.796415806,201.1999969
1.7636E+12,35.19307429,-97.43801276,326.4715994,4.795116901,208.3000031
1.7636E+12,35.19307511,-97.43801012,326.4705816,4.794095516,217.3999939
1.7636E+12,35.19307599,-97.43800755,326.4695262,4.794363499,226.8000031
1.7636E+12,35.19307681,-97.43800537,326.4686071,4.793343544,235.8000031
1.7636E+12,35.19307782,-97.43800284,326.4675041,4.791849136,243.5
1.7636E+12,35.1930789,-97.43800037,326.4661486,4.792099953,249.8000031
1.7636E+12,35.1930799,-97.43799824,326.4653947,4.788197994,253.6999969
1.7636E+12,35.1930811,-97.43799587,326.4645951,4.780230999,259.5
1.7636E+12,35.19308235,-97.43799356,326.4638169,4.7730937,262.8999939
1.7636E+12,35.19308348,-97.4379916,326.4633251,4.771942616,265.2000122
1.7636E+12,35.19308489,-97.43798933,326.4630142,4.775602818,268.1000061
1.7636E+12,35.19308632,-97.43798717,326.4626884,4.778623104,270
1.7636E+12,35.19308756,-97.43798541,326.4627138,4.779195786,270.2999878
1.7636E+12,35.19308911,-97.43798332,326.462858,4.770680428,270.2999878
1.7636E+12,35.19309072,-97.43798128,326.4637769,4.769874096,270.2999878
1.7636E+12,35.1930921,-97.4379796,326.4644859,4.770483494,270.2000122
1.7636E+12,35.19309382,-97.43797763,326.4656908,4.766968727,270.2000122
1.7636E+12,35.19309531,-97.43797601,326.4672135,4.762738705,270.2000122
1.7636E+12,35.19309716,-97.43797389,326.3177445,4.759501934,270.6000061
1.7636E+12,35.19309892,-97.43797218,326.3183226,4.757210255,271.2000122
1.7636E+12,35.19310048,-97.43797074,326.318931,4.750282288,272.7000122
1.7636E+12,35.19310238,-97.43796908,326.3202195,4.749018669,274.7000122
1.7636E+12,35.19310425,-97.43796754,326.322528,4.738650799,275.7000122
1.7636E+12,35.19310586,-97.4379663,326.3255338,4.731014252,275
1.7636E+12,35.19310785,-97.43796487,326.3294244,4.718530178,272.2999878
1.7636E+12,35.19310981,-97.43796357,326.3334374,4.710203648,266.3999939
1.7636E+12,35.1931114,-97.43796258,326.3373628,4.704293251,258.8999939
1.7636E+12,35.19311351,-97.43796133,326.3424129,4.69627285,242.8999939
1.7636E+12,35.19311555,-97.43796018,326.3474309,4.685777664,226.5
1.7636E+12,35.19311755,-97.43795911,326.3525029,4.677885056,209
1.7636E+12,35.19311916,-97.43795825,326.3575949,4.668925285,194.5
1.7636E+12,35.19312123,-97.43795717,326.3639685,4.649092197,173.6000061
1.7636E+12,35.19312325,-97.43795612,326.370318,4.634705067,158.1000061
1.7636E+12,35.19312524,-97.43795506,326.3766217,4.619683743,140.6999969
1.7636E+12,35.19312714,-97.43795404,326.3829068,4.613352299,128.8999939
1.7636E+12,35.19312915,-97.43795296,326.3892421,4.600561619,110.5
1.7636E+12,35.19313081,-97.43795205,326.3948943,4.592206955,97.90000153
1.7636E+12,35.19313279,-97.43795098,326.4009799,4.589615822,81.30000305
1.7636E+12,35.19313431,-97.43795008,326.4032409,4.582377434,62.79999924
1.7636E+12,35.19313591,-97.43794923,326.4096743,4.567671299,43.59999847
1.7636E+12,35.19313786,-97.43794818,326.4172616,4.553912163,23.79999924
1.7636E+12,35.19313991,-97.43794708,326.4258828,4.543209076,-2.299999952
1.7636E+12,35.19314148,-97.43794623,326.4338261,4.538866997,-15.19999981
1.7636E+12,35.19314339,-97.43794514,326.4419246,4.527067661,-41.59999847
1.7636E+12,35.19314526,-97.43794404,326.4500687,4.518642902,-67.90000153
1.7636E+12,35.19314679,-97.43794309,326.4572044,4.516679764,-86.30000305
1.7636E+12,35.19314878,-97.43794171,326.4638913,4.515445709,-109
1.7636E+12,35.19315023,-97.43794068,326.4711915,4.515277863,-130.1999969
1.7636E+12,35.19315244,-97.43793894,326.4796505,4.514110565,-152.6999969
1.7636E+12,35.19315355,-97.43793803,326.4846122,4.506402016,-165.1000061
1.7636E+12,35.19315514,-97.43793659,326.4898669,4.496201038,-178.3999939
1.7636E+12,35.19315681,-97.43793494,326.4955115,4.49338007,-192.5
1.7636E+12,35.19315803,-97.43793369,326.5005063,4.486524582,-201.3000031
1.7636E+12,35.19315958,-97.43793197,326.5057822,4.472991467,-215.3000031
1.7636E+12,35.1931608,-97.43793053,326.5090946,4.465190411,-225
1.7636E+12,35.19316222,-97.43792874,326.5126958,4.459692001,-237.8000031
1.7636E+12,35.19316359,-97.4379269,326.5159079,4.452989101,-250.6000061
1.7636E+12,35.19316457,-97.4379255,326.5185721,4.444144726,-262.6000061
1.7636E+12,35.19316679,-97.43792347,326.4168703,4.42534399,-273.7000122
1.7636E+12,35.19316796,-97.4379215,326.418267,4.410660744,-283.7000122
1.7636E+12,35.19316907,-97.43791945,326.4191011,4.404249668,-294.2999878
1.7636E+12,35.19316994,-97.43791773,326.4198932,4.39228487,-300.2999878
1.7636E+12,35.19317088,-97.43791567,326.4200146,4.374950409,-305.3999939
1.7636E+12,35.19317177,-97.43791352,326.419853,4.3686409,-306.3999939
1.7636E+12,35.19317259,-97.43791133,326.4196641,4.365695,-305.2999878
1.7636E+12,35.19317321,-97.4379095,326.4197598,4.363390923,-303.7999878
1.7636E+12,35.19317391,-97.43790723,326.419372,4.34975481,-300.1000061
1.7636E+12,35.19317455,-97.43790497,326.4190977,4.340212822,-293.6000061
1.7636E+12,35.19317504,-97.43790311,326.4191119,4.336161613,-287.5
1.7636E+12,35.19317558,-97.43790087,326.4185521,4.330051422,-277.7999878
1.7636E+12,35.19317608,-97.4378986,326.4179844,4.31708765,-267
1.7636E+12,35.19317649,-97.43789662,326.4171761,4.312545776,-253
1.7636E+12,35.19317693,-97.43789431,326.4154805,4.314862251,-243.1999969
1.7636E+12,35.19317737,-97.43789187,326.413401,4.309625626,-228.3999939
1.7636E+12,35.1931777,-97.43789005,326.4120157,4.30902338,-217.8999939
1.7636E+12,35.19317809,-97.43788773,326.4099754,4.310900688,-204
1.7636E+12,35.19317848,-97.43788539,326.4091384,4.313058376,-190.6999969
1.7636E+12,35.19317883,-97.4378835,326.4088353,4.323292255,-178.6999969
1.7636E+12,35.19317939,-97.43788068,326.3434657,4.334268093,-167.3999939
1.7636E+12,35.19317978,-97.43787834,326.3418817,4.337237358,-157.1999969
1.7636E+12,35.19318014,-97.43787643,326.340591,4.347476959,-149.6999969
1.7636E+12,35.19318058,-97.43787397,326.3390634,4.371462345,-147.8000031
1.7636E+12,35.19318096,-97.43787198,326.3385314,4.382491112,-149.1999969
1.7636E+12,35.1931814,-97.4378696,326.3364052,4.397125721,-152.1999969
1.7636E+12,35.19318183,-97.43786724,326.3349376,4.407354832,-155.6000061
1.7636E+12,35.19318221,-97.43786519,326.3347892,4.421292782,-161.1999969
1.7636E+12,35.19318259,-97.43786274,326.3340094,4.436837673,-167.6999969
1.7636E+12,35.1931829,-97.43786067,326.3338731,4.447714329,-174.1000061
1.7636E+12,35.19318321,-97.43785832,326.3331846,4.457169056,-178.1000061
1.7636E+12,35.19318348,-97.43785586,326.3322925,4.470076561,-178.1999969
1.7636E+12,35.19318368,-97.43785351,326.3310451,4.486341,-176.3999939
1.7636E+12,35.19318387,-97.43785089,326.3291834,4.514520168,-165.8999939
1.7636E+12,35.19318401,-97.43784872,326.328318,4.524687767,-156.1000061
1.7636E+12,35.19318406,-97.43784613,326.3268726,4.532917976,-141.1999969
1.7636E+12,35.1931841,-97.43784362,326.3257296,4.545148373,-125.9000015
1.7636E+12,35.19318409,-97.43784151,326.3247354,4.551819324,-115.0999985
1.7636E+12,35.19318409,-97.43783899,326.3228746,4.562506676,-102.1999969
1.7636E+12,35.19318407,-97.43783644,326.3213397,4.576122761,-85.5
1.7636E+12,35.19318592,-97.43783082,326.2531055,4.583238602,-76.30000305
1.7636E+12,35.19318593,-97.4378282,326.2511521,4.588270664,-67.09999847
1.7636E+12,35.19318595,-97.43782562,326.2489535,4.597919464,-49.79999924
1.7636E+12,35.19318597,-97.43782299,326.2469637,4.599432468,-36.70000076
1.7636E+12,35.19318599,-97.43782082,326.2453583,4.605223656,-25.89999962
1.7636E+12,35.19318602,-97.43781819,326.2424697,4.618740082,-13.10000038
1.7636E+12,35.19318605,-97.43781542,326.2399715,4.63241148,-0.200000003
1.7636E+12,35.19318609,-97.43781323,326.2392587,4.645487785,13.39999962
1.7636E+12,35.19318612,-97.4378106,326.2394592,4.654040813,27.10000038
1.7636E+12,35.19318614,-97.43780803,326.2413998,4.664232254,42.79999924
1.7636E+12,35.19318622,-97.43780528,326.2426358,4.667516232,56.70000076
1.7636E+12,35.19318631,-97.43780324,326.2437845,4.674679756,67.90000153
1.7636E+12,35.1931865,-97.43780053,326.2439999,4.679684639,81.19999695
1.7636E+12,35.19318673,-97.43779785,326.2439833,4.688281536,93.40000153
1.7636E+12,35.19318697,-97.43779559,326.243851,4.697525024,102.9000015
1.7636E+12,35.19318728,-97.43779292,326.2438462,4.700443745,120
1.7636E+12,35.19318765,-97.43779039,326.2439483,4.700034618,129.6999969
1.7636E+12,35.19318808,-97.43778777,326.2438925,4.695669651,141.3000031
1.7636E+12,35.19318856,-97.43778519,326.243409,4.693752289,154.1999969
1.7636E+12,35.19318901,-97.43778298,326.2435712,4.697610378,160.5
1.7636E+12,35.19319033,-97.43777836,326.1477876,4.702454567,172.8999939
1.7636E+12,35.19319097,-97.43777579,326.1481667,4.705817699,185.1000061
1.7636E+12,35.19319168,-97.43777318,326.1490653,4.707571983,192.6999969
1.7636E+12,35.19319234,-97.43777099,326.1499771,4.706911087,203.8000031
1.7636E+12,35.19319317,-97.43776847,326.1510639,4.702026844,211.3000031
1.7636E+12,35.19319408,-97.43776594,326.1526024,4.692257881,222.8999939
1.7636E+12,35.19319489,-97.43776383,326.1535198,4.691100121,230.5
1.7636E+12,35.19319593,-97.43776134,326.1554533,4.689591408,239.1999969
1.7636E+12,35.19319699,-97.43775899,326.1574588,4.692842007,247.3000031
1.7636E+12,35.19319795,-97.43775699,326.1600512,4.69305706,251.3000031
1.7636E+12,35.19319928,-97.43775443,326.163868,4.682414055,256.7000122
1.7636E+12,35.1932003,-97.43775257,326.1675033,4.676284313,260.5
1.7636E+12,35.19320172,-97.43775019,326.1717873,4.668338776,264.3999939
1.7636E+12,35.1932029,-97.43774834,326.1749341,4.656661987,265.5
1.7636E+12,35.19320429,-97.43774627,326.1785794,4.642443657,265.3999939
1.7636E+12,35.19320575,-97.43774425,326.1828326,4.641584396,265.3999939
1.7636E+12,35.19320724,-97.43774227,326.1880922,4.633530617,264.2000122
1.7636E+12,35.19321174,-97.43774082,326.0651502,4.629772663,258
1.7636E+12,35.19321243,-97.43774003,326.0678069,4.625861645,254.8000031
1.7636E+12,35.19321411,-97.43773823,326.0730884,4.61397171,243.8999939
1.7636E+12,35.19321581,-97.43773647,326.0781322,4.6009655,229.5
1.7636E+12,35.19321724,-97.43773504,326.0817104,4.590824127,214.6999969
1.7636E+12,35.19321897,-97.43773335,326.0856771,4.587061405,201.1000061
1.7636E+12,35.19322072,-97.43773167,326.089621,4.585501194,188.1000061
1.7636E+12,35.19322248,-97.43773,326.094231,4.582200527,172.8999939
1.7636E+12,35.19322394,-97.43772864,326.0987471,4.580739021,163.3999939
1.7636E+12,35.19322567,-97.43772702,326.1041791,4.579995155,152.6000061
1.7636E+12,35.19322742,-97.43772541,326.1087091,4.575136662,142.5
1.7636E+12,35.19322916,-97.43772379,326.1135683,4.565359592,119.0999985