Timestamp,roll,pitch,heading,rollRate,pitchRate,yawRate,groundSpeed,airSpeed,airSpeedSetpoint,climbRate,altitudeRelative,altitudeAMSL,altitudeAboveTerr,altitudeTuning,altitudeTuningSetpoint,xTrackError,rangeFinderDist,flightDistance,flightTime,distanceToHome,timeToHome,missionItemIndex,headingToNextWP,distanceToNextWP,headingToHome,distanceToGCS,hobbs,throttlePct,imuTemp,battery0.id,battery0.batteryFunction,battery0.batteryType,battery0.voltage,battery0.current,battery0.mahConsumed,battery0.temperature,battery0.percentRemaining,battery0.timeRemaining,battery0.timeRemainingStr,battery0.chargeState,battery0.instantPower,clock.currentTime,clock.currentUTCTime,clock.currentDate,distanceSensor.rotationNone,distanceSensor.rotationYaw45,distanceSensor.rotationYaw90,distanceSensor.rotationYaw135,distanceSensor.rotationYaw180,distanceSensor.rotationYaw225,distanceSensor.rotationYaw270,distanceSensor.rotationYaw315,distanceSensor.rotationPitch90,distanceSensor.rotationPitch270,distanceSensor.minDistance,distanceSensor.maxDistance,efi.health,efi.ecuIndex,efi.rpm,efi.fuelConsumed,efi.fuelFlow,efi.engineLoad,efi.sparkTime,efi.throttlePos,efi.baroPress,efi.intakePress,efi.intakeTemp,efi.cylinderTemp,efi.ignTime,efi.exGasTemp,efi.injTime,efi.throttleOut,efi.ptComp,escStatus.index,escStatus.rpm1,escStatus.rpm2,escStatus.rpm3,escStatus.rpm4,escStatus.current1,escStatus.current2,escStatus.current3,escStatus.current4,escStatus.voltage1,escStatus.voltage2,escStatus.voltage3,escStatus.voltage4,estimatorStatus.goodAttitudeEsimate,estimatorStatus.goodHorizVelEstimate,estimatorStatus.goodVertVelEstimate,estimatorStatus.goodHorizPosRelEstimate,estimatorStatus.goodHorizPosAbsEstimate,estimatorStatus.goodVertPosAbsEstimate,estimatorStatus.goodVertPosAGLEstimate,estimatorStatus.goodConstPosModeEstimate,estimatorStatus.goodPredHorizPosRelEstimate,estimatorStatus.goodPredHorizPosAbsEstimate,estimatorStatus.gpsGlitch,estimatorStatus.accelError,estimatorStatus.velRatio,estimatorStatus.horizPosRatio,estimatorStatus.vertPosRatio,estimatorStatus.magRatio,estimatorStatus.haglRatio,estimatorStatus.tasRatio,estimatorStatus.horizPosAccuracy,estimatorStatus.vertPosAccuracy,generator.status,generator.genSpeed,generator.batteryCurrent,generator.loadCurrent,generator.powerGenerated,generator.busVoltage,generator.batCurrentSetpoint,generator.rectifierTemp,generator.genTemp,generator.runtime,generator.timeMaintenance,gps.lat,gps.lon,gps.mgrs,gps.hdop,gps.vdop,gps.courseOverGround,gps.lock,gps.count,gps2.lat,gps2.lon,gps2.mgrs,gps2.hdop,gps2.vdop,gps2.courseOverGround,gps2.lock,gps2.count,hygrometer.temperature,hygrometer.humidity,hygrometer.hygrometerid,localPosition.x,localPosition.y,localPosition.z,localPosition.vx,localPosition.vy,localPosition.vz,localPositionSetpoint.x,localPositionSetpoint.y,localPositionSetpoint.z,localPositionSetpoint.vx,localPositionSetpoint.vy,localPositionSetpoint.vz,rpm.rpm1,rpm.rpm2,rpm.rpm3,rpm.rpm4,setpoint.roll,setpoint.pitch,setpoint.yaw,setpoint.rollRate,setpoint.pitchRate,setpoint.yawRate,temperature.temperature1,temperature.temperature2,temperature.temperature3,terrain.blocksPending,terrain.blocksLoaded,vibration.xAxis,vibration.yAxis,vibration.zAxis,vibration.clipCount1,vibration.clipCount2,vibration.clipCount3,wind.direction,wind.speed,wind.verticalSpeed
2026-07-09 15:38:33.053,0.3,0.5,115,-0.0,-0.0,-0.0,0.0,-1.2,0.000,-0.1,-0.0,37.5,36.6,-0.072,0.000,0.000,0.000,0.0,00:00:00,0.1,2.9,1,--.--,0,--.--,--.--,0000:32:26,0,0,0,1,1,16.20,-1.00,-15,--.--,100,--.--,--:--:--,1,-16.20,15:38:33,20:38:33,7/9/26,--.--,--.--,--.--,--.--,--.--,--.--,--.--,--.--,--.--,--.--,--.--,--.--,0,--.--,--.--,--.--,--.--,--.--,--.--,--.--,--.--,--.--,--.--,--.--,--.--,--.--,--.--,--.--,--.--,0,0.000,0.000,0.000,0.000,0.000,0.000,0.000,0.000,0.000,0.000,0.000,0.000,true,true,true,true,true,true,false,true,true,true,false,false,0.03,0.01,0.01,0.00,--.--,--.--,0.15,0.17,9223372036854775808,0,--.--,--.--,--.--,--.--,--.--,0,0,0,0,37.4122944,-121.9985275,10SEG 88624 41081,0.7,1.1,152.4,3,10,--.--,--.--,,--.--,--.--,--.--,0,0,--.--,--.--,0,-0.1,-0.0,0.3,0.0,-0.0,0.1,--.--,--.--,--.--,--.--,--.--,--.--,--.--,--.--,--.--,--.--,0.0,0.0,115.5,-1.5,-2.1,0.0,288.15,--.--,--.--,0,0,0.0,0.0,0.0,0,0,0,--.--,--.--,--.--
2026-07-09 15:38:34.051,0.3,0.5,115,0.0,0.0,0.0,0.0,1.0,0.000,-0.1,0.0,37.6,36.6,-0.057,0.000,0.000,0.000,0.0,00:00:01,0.0,1.4,1,--.--,0,--.--,--.--,0000:32:26,2,0,0,1,1,16.17,-1.00,-16,--.--,99,--.--,--:--:--,1,-16.17,15:38:34,20:38:34,7/9/26,--.--,--.--,--.--,--.--,--.--,--.--,--.--,--.--,--.--,--.--,--.--,--.--,0,--.--,--.--,--.--,--.--,--.--,--.--,--.--,--.--,--.--,--.--,--.--,--.--,--.--,--.--,--.--,--.--,0,0.000,0.000,0.000,0.000,0.000,0.000,0.000,0.000,0.000,0.000,0.000,0.000,true,true,true,true,true,true,false,true,true,true,false,false,0.03,0.01,0.01,0.01,--.--,--.--,0.15,0.17,9223372036854775808,0,--.--,--.--,--.--,--.--,--.--,0,0,0,0,37.4122951,-121.9985274,10SEG 88624 41081,0.7,1.1,22.1,3,10,--.--,--.--,,--.--,--.--,--.--,0,0,--.--,--.--,0,-0.1,-0.0,0.2,0.0,-0.0,0.1,-0.1,-0.0,0.3,-0.0,-0.0,2.1,--.--,--.--,--.--,--.--,0.1,-0.0,115.7,-0.9,-2.0,0.0,288.15,--.--,--.--,0,0,0.0,0.0,0.0,0,0,0,--.--,--.--,--.--
2026-07-09 15:38:35.051,0.3,0.5,115,-0.0,-0.0,-0.0,0.0,0.7,0.000,-0.1,0.0,37.6,36.6,-0.047,0.000,0.000,0.000,0.0,00:00:02,0.0,0.6,1,--.--,0,--.--,--.--,0000:32:26,26,0,0,1,1,16.17,-1.00,-16,--.--,99,--.--,--:--:--,1,-16.17,15:38:35,20:38:35,7/9/26,--.--,--.--,--.--,--.--,--.--,--.--,--.--,--.--,--.--,--.--,--.--,--.--,0,--.--,--.--,--.--,--.--,--.--,--.--,--.--,--.--,--.--,--.--,--.--,--.--,--.--,--.--,--.--,--.--,0,0.000,0.000,0.000,0.000,0.000,0.000,0.000,0.000,0.000,0.000,0.000,0.000,true,true,true,true,true,true,false,true,true,true,false,false,0.03,0.01,0.01,0.01,--.--,--.--,0.15,0.17,9223372036854775808,0,--.--,--.--,--.--,--.--,--.--,0,0,0,0,37.4122946,-121.9985278,10SEG 88624 41081,0.7,1.1,330.5,3,10,--.--,--.--,,--.--,--.--,--.--,0,0,--.--,--.--,0,-0.1,-0.0,0.2,0.0,-0.0,0.1,-0.1,-0.0,0.2,-0.0,-0.0,0.3,--.--,--.--,--.--,--.--,0.5,-0.0,115.8,1.3,-2.0,0.0,288.15,--.--,--.--,0,0,0.0,0.0,0.0,0,0,0,--.--,--.--,--.--
2026-07-09 15:38:36.051,0.2,0.5,115,-0.0,0.0,-0.0,0.0,-0.7,0.000,-0.1,0.0,37.6,36.6,-0.037,0.000,0.000,0.000,0.0,00:00:03,0.0,1.3,1,--.--,0,--.--,--.--,0000:32:26,44,0,0,1,1,16.11,-1.00,-16,--.--,96,--.--,--:--:--,1,-16.11,15:38:36,20:38:36,7/9/26,--.--,--.--,--.--,--.--,--.--,--.--,--.--,--.--,--.--,--.--,--.--,--.--,0,--.--,--.--,--.--,--.--,--.--,--.--,--.--,--.--,--.--,--.--,--.--,--.--,--.--,--.--,--.--,--.--,0,0.000,0.000,0.000,0.000,0.000,0.000,0.000,0.000,0.000,0.000,0.000,0.000,true,true,true,true,true,true,false,false,true,true,false,false,0.04,0.01,0.01,0.01,--.--,--.--,0.15,0.17,9223372036854775808,0,--.--,--.--,--.--,--.--,--.--,0,0,0,0,37.4122946,-121.9985277,10SEG 88624 41081,0.7,1.1,199.7,3,10,--.--,--.--,,--.--,--.--,--.--,0,0,--.--,--.--,0,-0.0,-0.1,0.2,0.0,-0.0,0.1,-0.1,-0.0,0.2,-0.0,0.0,-0.4,--.--,--.--,--.--,--.--,0.9,-0.0,115.9,3.4,-2.0,0.0,288.15,--.--,--.--,0,0,0.0,0.0,0.0,0,0,0,--.--,--.--,--.--
2026-07-09 15:38:37.051,0.3,0.5,116,-0.0,-0.0,0.0,0.0,-0.4,0.000,-0.1,0.0,37.6,36.6,-0.027,0.000,0.000,0.000,0.0,00:00:04,0.0,1.3,1,--.--,0,--.--,--.--,0000:32:26,63,0,0,1,1,16.11,-1.00,-16,--.--,96,--.--,--:--:--,1,-16.11,15:38:37,20:38:37,7/9/26,--.--,--.--,--.--,--.--,--.--,--.--,--.--,--.--,--.--,--.--,--.--,--.--,0,--.--,--.--,--.--,--.--,--.--,--.--,--.--,--.--,--.--,--.--,--.--,--.--,--.--,--.--,--.--,--.--,0,0.000,0.000,0.000,0.000,0.000,0.000,0.000,0.000,0.000,0.000,0.000,0.000,true,true,true,true,true,true,false,false,true,true,false,false,0.04,0.01,0.01,0.01,--.--,--.--,0.15,0.17,9223372036854775808,0,--.--,--.--,--.--,--.--,--.--,0,0,0,0,37.4122949,-121.9985276,10SEG 88624 41081,0.7,1.1,198.2,3,10,--.--,--.--,,--.--,--.--,--.--,0,0,--.--,--.--,0,-0.1,-0.1,0.2,0.0,-0.0,0.1,-0.1,-0.0,0.2,-0.0,0.0,-0.9,--.--,--.--,--.--,--.--,0.4,-0.0,116.0,0.4,-1.9,0.0,288.15,--.--,--.--,0,0,0.0,0.0,0.0,0,0,0,--.--,--.--,--.--
2026-07-09 15:38:38.051,0.2,0.4,116,-0.0,-0.0,-0.0,0.0,-1.2,0.000,-0.1,0.0,37.6,36.6,-0.021,0.000,0.000,0.000,0.0,00:00:05,0.0,1.6,1,--.--,0,--.--,--.--,0000:32:26,86,0,0,1,1,16.05,-1.00,-17,--.--,93,--.--,--:--:--,1,-16.05,15:38:38,20:38:38,7/9/26,--.--,--.--,--.--,--.--,--.--,--.--,--.--,--.--,--.--,--.--,--.--,--.--,0,--.--,--.--,--.--,--.--,--.--,--.--,--.--,--.--,--.--,--.--,--.--,--.--,--.--,--.--,--.--,--.--,0,0.000,0.000,0.000,0.000,0.000,0.000,0.000,0.000,0.000,0.000,0.000,0.000,true,true,true,true,true,true,false,false,true,true,false,false,0.03,0.00,0.01,0.01,--.--,--.--,0.15,0.17,9223372036854775808,0,--.--,--.--,--.--,--.--,--.--,0,0,0,0,37.4122945,-121.9985278,10SEG 88624 41081,0.7,1.1,86.7,3,10,--.--,--.--,,--.--,--.--,--.--,0,0,--.--,--.--,0,-0.1,-0.1,0.2,-0.0,-0.0,0.1,-0.1,-0.0,0.2,0.0,0.0,-1.4,--.--,--.--,--.--,--.--,-0.4,0.0,116.1,-3.0,-1.6,-0.0,288.15,--.--,--.--,0,0,0.0,0.0,0.0,0,0,0,--.--,--.--,--.--
2026-07-09 15:38:39.051,0.2,0.4,116,-0.0,0.0,-0.0,0.0,1.5,0.000,-0.1,0.0,37.6,36.6,-0.025,0.000,0.000,0.000,0.0,00:00:06,0.0,1.6,1,--.--,0,--.--,--.--,0000:32:26,100,0,0,1,1,16.05,-1.00,-17,--.--,93,--.--,--:--:--,1,-16.05,15:38:39,20:38:39,7/9/26,--.--,--.--,--.--,--.--,--.--,--.--,--.--,--.--,--.--,--.--,--.--,--.--,0,--.--,--.--,--.--,--.--,--.--,--.--,--.--,--.--,--.--,--.--,--.--,--.--,--.--,--.--,--.--,--.--,0,0.000,0.000,0.000,0.000,0.000,0.000,0.000,0.000,0.000,0.000,0.000,0.000,true,true,true,true,true,true,false,false,true,true,false,false,0.03,0.00,0.01,0.01,--.--,--.--,0.15,0.17,9223372036854775808,0,--.--,--.--,--.--,--.--,--.--,0,0,0,0,37.4122946,-121.9985276,10SEG 88624 41081,0.7,1.1,349.0,3,10,--.--,--.--,,--.--,--.--,--.--,0,0,--.--,--.--,0,-0.1,-0.1,0.2,-0.0,-0.0,0.1,-0.1,-0.0,0.2,0.0,0.0,-1.5,--.--,--.--,--.--,--.--,-1.2,0.0,116.2,-7.0,-1.6,-0.2,288.15,--.--,--.--,0,0,0.0,0.0,0.0,0,0,0,--.--,--.--,--.--
2026-07-09 15:38:40.051,0.2,0.4,116,-0.0,-0.0,0.0,0.0,-1.8,0.000,-0.1,0.0,37.6,36.6,-0.029,0.000,0.000,0.000,0.0,00:00:07,0.0,1.8,1,--.--,0,--.--,--.--,0000:32:26,100,0,0,1,1,16.05,-1.00,-17,--.--,93,--.--,--:--:--,1,-16.05,15:38:40,20:38:40,7/9/26,--.--,--.--,--.--,--.--,--.--,--.--,--.--,--.--,--.--,--.--,--.--,--.--,0,--.--,--.--,--.--,--.--,--.--,--.--,--.--,--.--,--.--,--.--,--.--,--.--,--.--,--.--,--.--,--.--,0,0.000,0.000,0.000,0.000,0.000,0.000,0.000,0.000,0.000,0.000,0.000,0.000,true,true,true,true,true,true,false,false,true,true,false,false,0.03,0.00,0.01,0.01,--.--,--.--,0.15,0.17,9223372036854775808,0,--.--,--.--,--.--,--.--,--.--,0,0,0,0,37.4122947,-121.9985274,10SEG 88624 41081,0.7,1.1,112.7,3,10,--.--,--.--,,--.--,--.--,--.--,0,0,--.--,--.--,0,-0.1,-0.1,0.2,-0.0,-0.0,0.1,-0.1,-0.0,0.2,0.0,0.0,-1.5,--.--,--.--,--.--,--.--,-1.6,0.0,116.2,-8.7,-1.5,-0.6,288.15,--.--,--.--,0,0,0.0,0.0,0.0,0,0,0,--.--,--.--,--.--
2026-07-09 15:38:41.051,0.2,0.4,116,-0.0,-0.0,-0.0,0.0,-1.3,0.000,-0.1,0.0,37.6,36.6,-0.038,0.000,0.000,0.000,0.0,00:00:08,0.0,1.1,1,--.--,0,--.--,--.--,0000:32:26,100,0,0,1,1,15.99,-1.00,-17,--.--,90,--.--,--:--:--,1,-15.99,15:38:41,20:38:41,7/9/26,--.--,--.--,--.--,--.--,--.--,--.--,--.--,--.--,--.--,--.--,--.--,--.--,0,--.--,--.--,--.--,--.--,--.--,--.--,--.--,--.--,--.--,--.--,--.--,--.--,--.--,--.--,--.--,--.--,0,0.000,0.000,0.000,0.000,0.000,0.000,0.000,0.000,0.000,0.000,0.000,0.000,true,true,true,true,true,true,false,false,true,true,false,false,0.03,0.01,0.01,0.01,--.--,--.--,0.15,0.17,9223372036854775808,0,--.--,--.--,--.--,--.--,--.--,0,0,0,0,37.4122947,-121.9985273,10SEG 88624 41081,0.7,1.1,273.9,3,10,--.--,--.--,,--.--,--.--,--.--,0,0,--.--,--.--,0,-0.1,-0.0,0.2,0.0,-0.0,0.1,-0.1,-0.0,0.2,0.0,0.0,-1.5,--.--,--.--,--.--,--.--,-1.5,0.0,116.2,-8.3,-1.4,-0.5,288.15,--.--,--.--,0,0,0.0,0.0,0.0,0,0,0,--.--,--.--,--.--
2026-07-09 15:38:42.051,0.1,0.3,116,-0.0,-0.0,0.0,0.0,1.4,0.000,-0.1,0.0,37.6,36.6,-0.024,0.000,0.000,0.000,0.0,00:00:09,0.0,1.0,1,--.--,0,--.--,--.--,0000:32:26,100,0,0,1,1,15.99,-1.00,-17,--.--,90,--.--,--:--:--,1,-15.99,15:38:42,20:38:42,7/9/26,--.--,--.--,--.--,--.--,--.--,--.--,--.--,--.--,--.--,--.--,--.--,--.--,0,--.--,--.--,--.--,--.--,--.--,--.--,--.--,--.--,--.--,--.--,--.--,--.--,--.--,--.--,--.--,--.--,0,0.000,0.000,0.000,0.000,0.000,0.000,0.000,0.000,0.000,0.000,0.000,0.000,true,true,true,true,true,true,false,false,true,true,false,false,0.03,0.01,0.01,0.01,--.--,--.--,0.15,0.17,9223372036854775808,0,--.--,--.--,--.--,--.--,--.--,0,0,0,0,37.4122946,-121.9985274,10SEG 88624 41081,0.7,1.1,324.9,3,10,--.--,--.--,,--.--,--.--,--.--,0,0,--.--,--.--,0,-0.1,-0.1,0.2,0.0,-0.0,0.1,-0.1,-0.0,0.2,-0.0,0.0,-1.5,--.--,--.--,--.--,--.--,-1.3,-0.0,116.3,-7.1,-1.3,-0.3,288.15,--.--,--.--,0,0,0.0,0.0,0.0,0,0,0,--.--,--.--,--.--
2026-07-09 15:38:43.051,0.1,0.3,116,-0.0,-0.0,0.0,0.0,-1.5,0.000,-0.1,0.0,37.6,36.6,-0.028,0.000,0.000,0.000,0.0,00:00:10,0.0,0.8,1,--.--,0,--.--,--.--,0000:32:26,100,0,0,1,1,15.93,-1.00,-18,--.--,87,--.--,--:--:--,1,-15.93,15:38:43,20:38:43,7/9/26,--.--,--.--,--.--,--.--,--.--,--.--,--.--,--.--,--.--,--.--,--.--,--.--,0,--.--,--.--,--.--,--.--,--.--,--.--,--.--,--.--,--.--,--.--,--.--,--.--,--.--,--.--,--.--,--.--,0,0.000,0.000,0.000,0.000,0.000,0.000,0.000,0.000,0.000,0.000,0.000,0.000,true,true,true,true,true,true,false,false,true,true,false,false,0.03,0.01,0.01,0.01,--.--,--.--,0.15,0.17,9223372036854775808,0,--.--,--.--,--.--,--.--,--.--,0,0,0,0,37.4122948,-121.9985277,10SEG 88624 41081,0.7,1.1,139.8,3,10,--.--,--.--,,--.--,--.--,--.--,0,0,--.--,--.--,0,-0.1,-0.0,0.2,0.0,-0.0,0.1,-0.1,-0.0,0.2,-0.0,0.0,-1.5,--.--,--.--,--.--,--.--,-0.6,0.0,116.5,-3.5,-1.2,-0.0,288.15,--.--,--.--,0,0,0.0,0.0,0.0,0,0,0,--.--,--.--,--.--
2026-07-09 15:38:44.051,0.1,0.3,116,-0.0,-0.0,0.0,0.0,0.8,0.000,-0.1,0.0,37.6,36.6,-0.025,0.000,0.000,0.000,0.0,00:00:11,0.0,0.6,1,--.--,0,--.--,--.--,0000:32:26,100,0,0,1,1,15.93,-1.00,-18,--.--,87,--.--,--:--:--,1,-15.93,15:38:44,20:38:44,7/9/26,--.--,--.--,--.--,--.--,--.--,--.--,--.--,--.--,--.--,--.--,--.--,--.--,0,--.--,--.--,--.--,--.--,--.--,--.--,--.--,--.--,--.--,--.--,--.--,--.--,--.--,--.--,--.--,--.--,0,0.000,0.000,0.000,0.000,0.000,0.000,0.000,0.000,0.000,0.000,0.000,0.000,true,true,true,true,true,true,false,false,true,true,false,false,0.03,0.01,0.01,0.01,--.--,--.--,0.15,0.17,9223372036854775808,0,--.--,--.--,--.--,--.--,--.--,0,0,0,0,37.4122947,-121.9985276,10SEG 88624 41081,0.7,1.1,287.4,3,10,--.--,--.--,,--.--,--.--,--.--,0,0,--.--,--.--,0,-0.1,-0.0,0.2,0.0,0.0,0.1,-0.1,-0.0,0.2,-0.0,-0.0,-1.5,--.--,--.--,--.--,--.--,0.2,-0.0,116.8,0.4,-1.0,0.0,288.15,--.--,--.--,0,0,0.0,0.0,0.0,0,0,0,--.--,--.--,--.--
2026-07-09 15:38:45.051,0.2,0.3,116,-0.0,0.0,0.0,0.0,1.4,0.000,-0.1,0.0,37.6,36.6,-0.028,0.000,0.000,0.000,0.0,00:00:12,0.0,0.0,1,--.--,0,--.--,--.--,0000:32:26,100,0,0,1,1,15.87,-1.00,-18,--.--,83,--.--,--:--:--,1,-15.87,15:38:45,20:38:45,7/9/26,--.--,--.--,--.--,--.--,--.--,--.--,--.--,--.--,--.--,--.--,--.--,--.--,0,--.--,--.--,--.--,--.--,--.--,--.--,--.--,--.--,--.--,--.--,--.--,--.--,--.--,--.--,--.--,--.--,0,0.000,0.000,0.000,0.000,0.000,0.000,0.000,0.000,0.000,0.000,0.000,0.000,true,true,true,true,true,true,false,false,true,true,false,false,0.03,0.00,0.01,0.01,--.--,--.--,0.15,0.17,9223372036854775808,0,--.--,--.--,--.--,--.--,--.--,0,0,0,0,37.4122949,-121.9985279,10SEG 88624 41081,0.7,1.1,95.1,3,10,--.--,--.--,,--.--,--.--,--.--,0,0,--.--,--.--,0,-0.1,-0.0,0.2,0.0,0.0,0.1,-0.1,-0.0,0.2,-0.0,-0.0,-1.5,--.--,--.--,--.--,--.--,1.1,0.0,116.9,4.7,-1.0,0.1,288.15,--.--,--.--,0,0,0.0,0.0,0.0,0,0,0,--.--,--.--,--.--
2026-07-09 15:38:46.051,0.2,0.3,117,-0.0,-0.0,-0.0,0.0,1.3,0.000,-0.1,0.0,37.6,36.6,-0.027,0.000,0.000,0.000,0.0,00:00:13,0.0,0.0,1,--.--,0,--.--,--.--,0000:32:26,100,0,0,1,1,15.87,-1.00,-18,--.--,83,--.--,--:--:--,1,-15.87,15:38:46,20:38:46,7/9/26,--.--,--.--,--.--,--.--,--.--,--.--,--.--,--.--,--.--,--.--,--.--,--.--,0,--.--,--.--,--.--,--.--,--.--,--.--,--.--,--.--,--.--,--.--,--.--,--.--,--.--,--.--,--.--,--.--,0,0.000,0.000,0.000,0.000,0.000,0.000,0.000,0.000,0.000,0.000,0.000,0.000,true,true,true,true,true,true,false,false,true,true,false,false,0.03,0.00,0.01,0.01,--.--,--.--,0.15,0.17,9223372036854775808,0,--.--,--.--,--.--,--.--,--.--,0,0,0,0,37.4122948,-121.9985277,10SEG 88624 41081,0.7,1.1,196.4,3,10,--.--,--.--,,--.--,--.--,--.--,0,0,--.--,--.--,0,-0.1,-0.0,0.2,0.0,0.0,0.1,-0.1,-0.0,0.2,-0.0,-0.0,-1.5,--.--,--.--,--.--,--.--,1.7,0.0,117.1,7.6,-1.0,0.7,288.15,--.--,--.--,0,0,0.0,0.0,0.0,0,0,0,--.--,--.--,--.--
2026-07-09 15:38:47.051,0.2,0.3,117,-0.0,0.0,-0.0,0.0,-1.2,0.000,-0.1,0.0,37.6,36.6,-0.030,0.000,0.000,0.000,0.0,00:00:14,0.0,0.3,1,--.--,0,--.--,--.--,0000:32:26,100,0,0,1,1,15.81,-1.00,-19,--.--,80,--.--,--:--:--,1,-15.81,15:38:47,20:38:47,7/9/26,--.--,--.--,--.--,--.--,--.--,--.--,--.--,--.--,--.--,--.--,--.--,--.--,0,--.--,--.--,--.--,--.--,--.--,--.--,--.--,--.--,--.--,--.--,--.--,--.--,--.--,--.--,--.--,--.--,0,0.000,0.000,0.000,0.000,0.000,0.000,0.000,0.000,0.000,0.000,0.000,0.000,true,true,true,true,true,true,false,false,true,true,false,false,0.02,0.00,0.01,0.01,--.--,--.--,0.15,0.17,9223372036854775808,0,--.--,--.--,--.--,--.--,--.--,0,0,0,0,37.4122945,-121.9985272,10SEG 88624 41081,0.7,1.1,118.0,3,10,--.--,--.--,,--.--,--.--,--.--,0,0,--.--,--.--,0,-0.1,-0.0,0.2,-0.0,0.0,0.1,-0.1,-0.0,0.2,0.0,-0.0,-1.5,--.--,--.--,--.--,--.--,1.9,-0.0,117.3,8.5,-1.0,0.9,288.15,--.--,--.--,0,0,0.0,0.0,0.0,0,0,0,--.--,--.--,--.--
2026-07-09 15:38:48.051,0.2,0.3,117,-0.0,-0.0,-0.0,0.0,0.2,0.000,-0.1,0.0,37.6,36.6,-0.032,0.000,0.000,0.000,0.0,00:00:15,0.0,1.1,1,--.--,0,--.--,--.--,0000:32:26,100,0,0,1,1,15.81,-1.00,-19,--.--,80,--.--,--:--:--,1,-15.81,15:38:48,20:38:48,7/9/26,--.--,--.--,--.--,--.--,--.--,--.--,--.--,--.--,--.--,--.--,--.--,--.--,0,--.--,--.--,--.--,--.--,--.--,--.--,--.--,--.--,--.--,--.--,--.--,--.--,--.--,--.--,--.--,--.--,0,0.000,0.000,0.000,0.000,0.000,0.000,0.000,0.000,0.000,0.000,0.000,0.000,true,true,true,true,true,true,false,false,true,true,false,false,0.02,0.00,0.01,0.01,--.--,--.--,0.15,0.17,9223372036854775808,0,--.--,--.--,--.--,--.--,--.--,0,0,0,0,37.4122948,-121.9985276,10SEG 88624 41081,0.7,1.1,188.7,3,10,--.--,--.--,,--.--,--.--,--.--,0,0,--.--,--.--,0,-0.1,0.0,0.2,-0.0,0.0,0.1,-0.1,-0.0,0.2,0.0,-0.0,-1.5,--.--,--.--,--.--,--.--,2.1,-0.0,117.5,9.5,-1.0,1.1,288.15,--.--,--.--,0,0,0.0,0.0,0.0,0,0,0,--.--,--.--,--.--
2026-07-09 15:38:49.051,0.2,0.3,117,-0.0,0.0,0.0,0.0,0.9,0.000,-0.1,0.0,37.6,36.6,-0.039,0.000,0.000,0.000,0.0,00:00:16,0.0,1.4,1,--.--,0,--.--,--.--,0000:32:26,100,0,0,1,1,15.75,-1.00,-20,--.--,77,--.--,--:--:--,1,-15.75,15:38:49,20:38:49,7/9/26,--.--,--.--,--.--,--.--,--.--,--.--,--.--,--.--,--.--,--.--,--.--,--.--,0,--.--,--.--,--.--,--.--,--.--,--.--,--.--,--.--,--.--,--.--,--.--,--.--,--.--,--.--,--.--,--.--,0,0.000,0.000,0.000,0.000,0.000,0.000,0.000,0.000,0.000,0.000,0.000,0.000,true,true,true,true,true,true,false,false,true,true,false,false,0.03,0.01,0.01,0.01,--.--,--.--,0.15,0.17,9223372036854775808,0,--.--,--.--,--.--,--.--,--.--,0,0,0,0,37.4122950,-121.9985277,10SEG 88624 41081,0.7,1.1,306.1,3,10,--.--,--.--,,--.--,--.--,--.--,0,0,--.--,--.--,0,-0.1,-0.0,0.2,-0.0,0.0,0.1,-0.1,-0.0,0.2,0.0,-0.0,-1.5,--.--,--.--,--.--,--.--,2.3,0.8,117.6,10.3,1.7,1.2,288.15,--.--,--.--,0,0,0.0,0.0,0.0,0,0,0,--.--,--.--,--.--
2026-07-09 15:38:50.051,0.2,0.3,117,-0.0,0.0,0.0,0.0,0.3,0.000,-0.1,0.0,37.6,36.6,-0.041,0.000,0.000,0.000,0.0,00:00:17,0.0,0.4,1,--.--,0,--.--,--.--,0000:32:26,100,0,0,1,1,15.75,-1.00,-20,--.--,77,--.--,--:--:--,1,-15.75,15:38:50,20:38:50,7/9/26,--.--,--.--,--.--,--.--,--.--,--.--,--.--,--.--,--.--,--.--,--.--,--.--,0,--.--,--.--,--.--,--.--,--.--,--.--,--.--,--.--,--.--,--.--,--.--,--.--,--.--,--.--,--.--,--.--,0,0.000,0.000,0.000,0.000,0.000,0.000,0.000,0.000,0.000,0.000,0.000,0.000,true,true,true,true,true,true,false,false,true,true,false,false,0.03,0.01,0.01,0.01,--.--,--.--,0.15,0.17,9223372036854775808,0,--.--,--.--,--.--,--.--,--.--,0,0,0,0,37.4122945,-121.9985277,10SEG 88624 41081,0.7,1.1,288.3,3,10,--.--,--.--,,--.--,--.--,--.--,0,0,--.--,--.--,0,-0.1,-0.0,0.2,0.0,0.0,0.1,-0.1,-0.0,0.2,-0.0,-0.0,-1.5,--.--,--.--,--.--,--.--,3.3,0.9,117.7,15.5,2.4,2.3,288.15,--.--,--.--,0,0,0.0,0.0,0.0,0,0,0,--.--,--.--,--.--
2026-07-09 15:38:51.051,0.2,0.3,117,-0.0,-0.0,-0.0,0.0,-1.1,0.000,-0.1,0.0,37.6,36.6,-0.033,0.000,0.000,0.000,0.0,00:00:18,0.0,0.5,1,--.--,0,--.--,--.--,0000:32:26,99,0,0,1,1,15.69,-1.00,-20,--.--,73,--.--,--:--:--,1,-15.69,15:38:51,20:38:51,7/9/26,--.--,--.--,--.--,--.--,--.--,--.--,--.--,--.--,--.--,--.--,--.--,--.--,0,--.--,--.--,--.--,--.--,--.--,--.--,--.--,--.--,--.--,--.--,--.--,--.--,--.--,--.--,--.--,--.--,0,0.000,0.000,0.000,0.000,0.000,0.000,0.000,0.000,0.000,0.000,0.000,0.000,true,true,true,true,true,true,false,false,true,true,false,false,0.03,0.00,0.01,0.01,--.--,--.--,0.15,0.17,9223372036854775808,0,--.--,--.--,--.--,--.--,--.--,0,0,0,0,37.4122947,-121.9985276,10SEG 88624 41081,0.7,1.1,284.0,3,10,--.--,--.--,,--.--,--.--,--.--,0,0,--.--,--.--,0,-0.1,-0.0,0.2,0.0,0.0,0.1,-0.1,-0.0,0.2,-0.0,-0.0,-1.5,--.--,--.--,--.--,--.--,4.0,1.4,117.7,18.7,4.3,2.9,288.15,--.--,--.--,0,0,0.0,0.0,0.0,0,0,0,--.--,--.--,--.--
2026-07-09 15:38:52.051,0.2,0.3,117,-0.0,-0.0,0.0,0.0,1.0,0.000,-0.1,0.0,37.6,36.6,-0.016,0.000,0.000,0.000,0.0,00:00:19,0.0,1.4,1,--.--,0,--.--,--.--,0000:32:26,100,0,0,1,1,15.69,-1.00,-20,--.--,73,--.--,--:--:--,1,-15.69,15:38:52,20:38:52,7/9/26,--.--,--.--,--.--,--.--,--.--,--.--,--.--,--.--,--.--,--.--,--.--,--.--,0,--.--,--.--,--.--,--.--,--.--,--.--,--.--,--.--,--.--,--.--,--.--,--.--,--.--,--.--,--.--,--.--,0,0.000,0.000,0.000,0.000,0.000,0.000,0.000,0.000,0.000,0.000,0.000,0.000,true,true,true,true,true,true,false,false,true,true,false,false,0.03,0.00,0.01,0.01,--.--,--.--,0.15,0.17,9223372036854775808,0,--.--,--.--,--.--,--.--,--.--,0,0,0,0,37.4122947,-121.9985276,10SEG 88624 41081,0.7,1.1,270.5,3,10,--.--,--.--,,--.--,--.--,--.--,0,0,--.--,--.--,0,-0.1,-0.0,0.2,0.0,-0.0,0.1,-0.1,-0.0,0.2,0.0,-0.0,-1.5,--.--,--.--,--.--,--.--,4.1,1.6,117.7,19.4,5.0,3.0,288.15,--.--,--.--,0,0,0.0,0.0,0.0,0,0,0,--.--,--.--,--.--
2026-07-09 15:38:53.051,0.2,0.3,117,0.0,-0.0,0.0,0.0,1.9,0.000,-0.0,0.0,37.6,36.6,0.008,0.000,0.000,0.000,0.0,00:00:20,0.0,15.2,1,--.--,0,--.--,--.--,0000:32:26,99,0,0,1,1,15.63,-1.00,-21,--.--,70,--.--,--:--:--,1,-15.63,15:38:53,20:38:53,7/9/26,--.--,--.--,--.--,--.--,--.--,--.--,--.--,--.--,--.--,--.--,--.--,--.--,0,--.--,--.--,--.--,--.--,--.--,--.--,--.--,--.--,--.--,--.--,--.--,--.--,--.--,--.--,--.--,--.--,0,0.000,0.000,0.000,0.000,0.000,0.000,0.000,0.000,0.000,0.000,0.000,0.000,true,true,true,true,true,true,false,false,true,true,false,false,0.03,0.00,0.01,0.00,--.--,--.--,0.15,0.17,9223372036854775808,0,--.--,--.--,--.--,--.--,--.--,0,0,0,0,37.4122949,-121.9985271,10SEG 88624 41081,0.7,1.1,164.1,3,10,--.--,--.--,,--.--,--.--,--.--,0,0,--.--,--.--,0,-0.1,-0.0,0.2,-0.0,0.0,0.0,-0.1,-0.0,0.1,0.0,-0.0,-1.5,--.--,--.--,--.--,--.--,4.2,2.2,117.6,19.6,7.4,3.1,288.15,--.--,--.--,0,0,0.0,0.0,0.0,0,0,0,--.--,--.--,--.--
2026-07-09 15:38:54.051,0.2,0.3,117,-0.0,-0.0,0.0,0.0,0.4,0.000,-0.0,0.1,37.6,36.6,0.035,0.000,0.000,0.000,0.0,00:00:21,0.0,1.7,1,--.--,0,--.--,--.--,0000:32:26,100,0,0,1,1,15.63,-1.00,-21,--.--,70,--.--,--:--:--,1,-15.63,15:38:54,20:38:54,7/9/26,--.--,--.--,--.--,--.--,--.--,--.--,--.--,--.--,--.--,--.--,--.--,--.--,0,--.--,--.--,--.--,--.--,--.--,--.--,--.--,--.--,--.--,--.--,--.--,--.--,--.--,--.--,--.--,--.--,0,0.000,0.000,0.000,0.000,0.000,0.000,0.000,0.000,0.000,0.000,0.000,0.000,true,true,true,true,true,true,false,false,true,true,false,false,0.03,0.00,0.01,0.00,--.--,--.--,0.15,0.17,9223372036854775808,0,--.--,--.--,--.--,--.--,--.--,0,0,0,0,37.4122948,-121.9985274,10SEG 88624 41081,0.7,1.1,151.4,3,10,--.--,--.--,,--.--,--.--,--.--,0,0,--.--,--.--,0,-0.1,-0.0,0.1,-0.0,0.0,0.0,-0.1,-0.0,0.1,0.0,-0.0,-1.5,--.--,--.--,--.--,--.--,4.1,3.2,117.6,19.0,11.7,2.9,288.15,--.--,--.--,0,0,0.0,0.0,0.0,0,0,0,--.--,--.--,--.--
2026-07-09 15:38:55.051,0.2,0.3,117,0.0,-0.0,0.0,0.0,1.3,0.000,-0.0,0.1,37.7,36.6,0.056,0.000,0.000,0.000,0.0,00:00:22,0.0,1.9,1,--.--,0,--.--,--.--,0000:32:26,99,0,0,1,1,15.57,-1.00,-21,--.--,67,--.--,--:--:--,1,-15.57,15:38:55,20:38:55,7/9/26,--.--,--.--,--.--,--.--,--.--,--.--,--.--,--.--,--.--,--.--,--.--,--.--,0,--.--,--.--,--.--,--.--,--.--,--.--,--.--,--.--,--.--,--.--,--.--,--.--,--.--,--.--,--.--,--.--,0,0.000,0.000,0.000,0.000,0.000,0.000,0.000,0.000,0.000,0.000,0.000,0.000,true,true,true,true,true,true,false,false,true,true,false,false,0.02,0.01,0.01,0.00,--.--,--.--,0.15,0.17,9223372036854775808,0,--.--,--.--,--.--,--.--,--.--,0,0,0,0,37.4122948,-121.9985272,10SEG 88624 41081,0.7,1.1,65.2,3,10,--.--,--.--,,--.--,--.--,--.--,0,0,--.--,--.--,0,-0.1,-0.0,0.1,-0.0,0.0,0.0,-0.1,-0.0,0.1,0.0,-0.0,-1.5,--.--,--.--,--.--,--.--,4.4,4.3,117.7,20.6,15.9,3.1,288.15,--.--,--.--,0,0,0.0,0.0,0.0,0,0,0,--.--,--.--,--.--
2026-07-09 15:38:56.051,0.2,0.3,117,-0.0,-0.0,0.0,0.0,1.5,0.000,-0.0,0.1,37.7,36.6,0.075,0.000,0.000,0.000,0.0,00:00:23,0.0,1.6,1,--.--,0,--.--,--.--,0000:32:26,99,0,0,1,1,15.57,-1.00,-21,--.--,67,--.--,--:--:--,1,-15.57,15:38:56,20:38:56,7/9/26,--.--,--.--,--.--,--.--,--.--,--.--,--.--,--.--,--.--,--.--,--.--,--.--,0,--.--,--.--,--.--,--.--,--.--,--.--,--.--,--.--,--.--,--.--,--.--,--.--,--.--,--.--,--.--,--.--,0,0.000,0.000,0.000,0.000,0.000,0.000,0.000,0.000,0.000,0.000,0.000,0.000,true,true,true,true,true,true,false,false,true,true,false,false,0.02,0.01,0.01,0.00,--.--,--.--,0.15,0.17,9223372036854775808,0,--.--,--.--,--.--,--.--,--.--,0,0,0,0,37.4122946,-121.9985274,10SEG 88624 41081,0.7,1.1,304.1,3,10,--.--,--.--,,--.--,--.--,--.--,0,0,--.--,--.--,0,-0.1,-0.0,0.1,-0.0,0.0,0.0,-0.1,-0.0,0.1,0.0,-0.0,-1.5,--.--,--.--,--.--,--.--,4.8,5.8,117.7,22.7,21.9,3.4,288.15,--.--,--.--,0,0,0.0,0.0,0.0,0,0,0,--.--,--.--,--.--
2026-07-09 15:38:57.051,0.2,0.3,117,-0.0,-0.0,0.0,0.0,0.9,0.000,-0.0,0.1,37.7,36.6,0.077,0.000,0.000,0.000,0.0,00:00:24,0.0,1.8,1,--.--,0,--.--,--.--,0000:32:26,99,0,0,1,1,15.51,-1.00,-22,--.--,63,--.--,--:--:--,1,-15.51,15:38:57,20:38:57,7/9/26,--.--,--.--,--.--,--.--,--.--,--.--,--.--,--.--,--.--,--.--,--.--,--.--,0,--.--,--.--,--.--,--.--,--.--,--.--,--.--,--.--,--.--,--.--,--.--,--.--,--.--,--.--,--.--,--.--,0,0.000,0.000,0.000,0.000,0.000,0.000,0.000,0.000,0.000,0.000,0.000,0.000,true,true,true,true,true,true,false,false,true,true,false,false,0.02,0.00,0.01,0.00,--.--,--.--,0.15,0.17,9223372036854775808,0,--.--,--.--,--.--,--.--,--.--,0,0,0,0,37.4122948,-121.9985273,10SEG 88624 41081,0.7,1.1,242.1,3,10,--.--,--.--,,--.--,--.--,--.--,0,0,--.--,--.--,0,-0.1,-0.0,0.1,0.0,0.0,0.0,-0.1,-0.0,0.1,-0.0,-0.0,-1.5,--.--,--.--,--.--,--.--,5.5,6.5,117.8,26.1,24.6,4.0,288.15,--.--,--.--,0,0,0.0,0.0,0.0,0,0,0,--.--,--.--,--.--
2026-07-09 15:38:58.051,0.3,0.4,117,-0.0,-0.0,0.0,0.0,0.9,0.000,-0.0,0.1,37.7,36.6,0.086,0.000,0.000,0.000,0.0,00:00:25,0.0,0.0,1,--.--,0,--.--,--.--,0000:32:26,99,0,0,1,1,15.51,-1.00,-22,--.--,63,--.--,--:--:--,1,-15.51,15:38:58,20:38:58,7/9/26,--.--,--.--,--.--,--.--,--.--,--.--,--.--,--.--,--.--,--.--,--.--,--.--,0,--.--,--.--,--.--,--.--,--.--,--.--,--.--,--.--,--.--,--.--,--.--,--.--,--.--,--.--,--.--,--.--,0,0.000,0.000,0.000,0.000,0.000,0.000,0.000,0.000,0.000,0.000,0.000,0.000,true,true,true,true,true,true,false,false,true,true,false,false,0.02,0.00,0.01,0.00,--.--,--.--,0.15,0.17,9223372036854775808,0,--.--,--.--,--.--,--.--,--.--,0,0,0,0,37.4122945,-121.9985275,10SEG 88624 41081,0.7,1.1,325.3,3,10,--.--,--.--,,--.--,--.--,--.--,0,0,--.--,--.--,0,-0.1,-0.0,0.1,0.0,-0.0,0.0,-0.1,-0.0,0.1,-0.0,-0.0,-1.5,--.--,--.--,--.--,--.--,5.6,6.4,117.8,26.9,24.2,4.2,288.15,--.--,--.--,0,0,0.0,0.0,0.0,0,0,0,--.--,--.--,--.--
2026-07-09 15:38:59.051,0.3,0.3,117,0.0,-0.0,0.0,0.0,-0.7,0.000,-0.0,0.1,37.7,36.6,0.093,0.000,0.000,0.000,0.0,00:00:26,0.0,0.0,1,--.--,0,--.--,--.--,0000:32:26,100,0,0,1,1,15.45,-1.00,-22,--.--,60,--.--,--:--:--,1,-15.45,15:38:59,20:38:59,7/9/26,--.--,--.--,--.--,--.--,--.--,--.--,--.--,--.--,--.--,--.--,--.--,--.--,0,--.--,--.--,--.--,--.--,--.--,--.--,--.--,--.--,--.--,--.--,--.--,--.--,--.--,--.--,--.--,--.--,0,0.000,0.000,0.000,0.000,0.000,0.000,0.000,0.000,0.000,0.000,0.000,0.000,true,true,true,true,true,true,false,false,true,true,false,false,0.01,0.00,0.01,0.00,--.--,--.--,0.15,0.17,9223372036854775808,0,--.--,--.--,--.--,--.--,--.--,0,0,0,0,37.4122950,-121.9985271,10SEG 88624 41081,0.7,1.1,323.4,3,10,--.--,--.--,,--.--,--.--,--.--,0,0,--.--,--.--,0,-0.1,-0.0,0.1,0.0,-0.0,0.0,-0.1,-0.0,0.1,-0.0,-0.0,-1.5,--.--,--.--,--.--,--.--,5.9,6.7,117.9,28.0,25.3,4.3,288.15,--.--,--.--,0,0,0.0,0.0,0.0,0,0,0,--.--,--.--,--.--
2026-07-09 15:39:00.052,0.3,0.3,117,-0.0,-0.0,-0.0,0.0,-0.2,0.000,-0.0,0.1,37.7,36.6,0.079,0.000,0.000,0.000,0.0,00:00:27,0.0,1.9,1,--.--,0,--.--,--.--,0000:32:26,100,0,0,1,1,15.45,-1.00,-22,--.--,60,--.--,--:--:--,1,-15.45,15:39:00,20:39:00,7/9/26,--.--,--.--,--.--,--.--,--.--,--.--,--.--,--.--,--.--,--.--,--.--,--.--,0,--.--,--.--,--.--,--.--,--.--,--.--,--.--,--.--,--.--,--.--,--.--,--.--,--.--,--.--,--.--,--.--,0,0.000,0.000,0.000,0.000,0.000,0.000,0.000,0.000,0.000,0.000,0.000,0.000,true,true,true,true,true,true,false,false,true,true,false,false,0.01,0.00,0.01,0.00,--.--,--.--,0.15,0.17,9223372036854775808,0,--.--,--.--,--.--,--.--,--.--,0,0,0,0,37.4122946,-121.9985275,10SEG 88624 41081,0.7,1.1,25.9,3,10,--.--,--.--,,--.--,--.--,--.--,0,0,--.--,--.--,0,-0.1,-0.0,0.1,-0.0,-0.0,0.0,-0.1,-0.0,0.1,0.0,-0.0,-1.5,--.--,--.--,--.--,--.--,5.8,7.1,117.8,27.6,27.1,4.2,288.15,--.--,--.--,0,0,0.0,0.0,0.0,0,0,0,--.--,--.--,--.--
2026-07-09 15:39:01.051,0.3,0.3,117,-0.0,0.0,0.0,0.0,1.3,0.000,-0.1,0.1,37.7,36.6,0.068,0.000,0.000,0.000,0.0,00:00:28,0.0,1.5,1,--.--,0,--.--,--.--,0000:32:26,100,0,0,1,1,15.39,-1.00,-23,--.--,57,--.--,--:--:--,1,-15.39,15:39:01,20:39:01,7/9/26,--.--,--.--,--.--,--.--,--.--,--.--,--.--,--.--,--.--,--.--,--.--,--.--,0,--.--,--.--,--.--,--.--,--.--,--.--,--.--,--.--,--.--,--.--,--.--,--.--,--.--,--.--,--.--,--.--,0,0.000,0.000,0.000,0.000,0.000,0.000,0.000,0.000,0.000,0.000,0.000,0.000,true,true,true,true,true,true,false,false,true,true,false,false,0.01,0.00,0.01,0.00,--.--,--.--,0.15,0.17,9223372036854775808,0,--.--,--.--,--.--,--.--,--.--,0,0,0,0,37.4122947,-121.9985272,10SEG 88624 41081,0.7,1.1,211.4,3,10,--.--,--.--,,--.--,--.--,--.--,0,0,--.--,--.--,0,-0.1,-0.0,0.1,-0.0,-0.0,0.1,-0.1,-0.0,0.1,0.0,-0.0,-1.5,--.--,--.--,--.--,--.--,5.6,7.5,117.9,26.8,28.5,4.0,288.15,--.--,--.--,0,0,0.0,0.0,0.0,0,0,0,--.--,--.--,--.--
2026-07-09 15:39:02.051,0.3,0.3,117,-0.0,0.0,0.0,0.0,1.9,0.000,-0.1,0.1,37.7,36.6,0.060,0.000,0.000,0.000,0.0,00:00:29,0.0,1.6,1,--.--,0,--.--,--.--,0000:32:26,99,0,0,1,1,15.39,-1.00,-23,--.--,57,--.--,--:--:--,1,-15.39,15:39:02,20:39:02,7/9/26,--.--,--.--,--.--,--.--,--.--,--.--,--.--,--.--,--.--,--.--,--.--,--.--,0,--.--,--.--,--.--,--.--,--.--,--.--,--.--,--.--,--.--,--.--,--.--,--.--,--.--,--.--,--.--,--.--,0,0.000,0.000,0.000,0.000,0.000,0.000,0.000,0.000,0.000,0.000,0.000,0.000,true,true,true,true,true,true,false,false,true,true,false,false,0.01,0.00,0.01,0.00,--.--,--.--,0.15,0.17,9223372036854775808,0,--.--,--.--,--.--,--.--,--.--,0,0,0,0,37.4122946,-121.9985274,10SEG 88624 41081,0.7,1.1,346.5,3,10,--.--,--.--,,--.--,--.--,--.--,0,0,--.--,--.--,0,-0.1,-0.0,0.1,-0.0,-0.0,0.1,-0.1,-0.0,0.1,0.0,-0.0,-1.5,--.--,--.--,--.--,--.--,5.3,7.8,118.0,25.3,29.7,3.7,288.15,--.--,--.--,0,0,0.0,0.0,0.0,0,0,0,--.--,--.--,--.--
2026-07-09 15:39:03.051,0.2,0.3,118,-0.0,0.0,0.0,0.0,-1.1,0.000,-0.1,0.1,37.7,36.6,0.042,0.000,0.000,0.000,0.0,00:00:30,0.0,0.6,1,--.--,0,--.--,--.--,0000:32:26,100,0,0,1,1,15.33,-1.00,-23,--.--,53,--.--,--:--:--,1,-15.33,15:39:03,20:39:03,7/9/26,--.--,--.--,--.--,--.--,--.--,--.--,--.--,--.--,--.--,--.--,--.--,--.--,0,--.--,--.--,--.--,--.--,--.--,--.--,--.--,--.--,--.--,--.--,--.--,--.--,--.--,--.--,--.--,--.--,0,0.000,0.000,0.000,0.000,0.000,0.000,0.000,0.000,0.000,0.000,0.000,0.000,true,true,true,true,true,true,false,false,true,true,false,false,0.02,0.00,0.00,0.00,--.--,--.--,0.15,0.17,9223372036854775808,0,--.--,--.--,--.--,--.--,--.--,0,0,0,0,37.4122949,-121.9985272,10SEG 88624 41081,0.7,1.1,62.5,3,10,--.--,--.--,,--.--,--.--,--.--,0,0,--.--,--.--,0,-0.1,-0.0,0.1,0.0,-0.0,0.1,-0.1,-0.0,0.1,-0.0,-0.0,-1.5,--.--,--.--,--.--,--.--,6.1,7.9,118.1,29.1,30.2,4.4,288.15,--.--,--.--,0,0,0.0,0.0,0.0,0,0,0,--.--,--.--,--.--
2026-07-09 15:39:04.051,0.2,0.3,118,0.0,0.0,0.0,0.0,0.5,0.000,-0.1,0.1,37.7,36.6,0.036,0.000,0.000,0.000,0.0,00:00:31,0.0,2.7,1,--.--,0,--.--,--.--,0000:32:26,100,0,0,1,1,15.33,-1.00,-23,--.--,53,--.--,--:--:--,1,-15.33,15:39:04,20:39:04,7/9/26,--.--,--.--,--.--,--.--,--.--,--.--,--.--,--.--,--.--,--.--,--.--,--.--,0,--.--,--.--,--.--,--.--,--.--,--.--,--.--,--.--,--.--,--.--,--.--,--.--,--.--,--.--,--.--,--.--,0,0.000,0.000,0.000,0.000,0.000,0.000,0.000,0.000,0.000,0.000,0.000,0.000,true,true,true,true,true,true,false,false,true,true,false,false,0.02,0.00,0.00,0.00,--.--,--.--,0.15,0.17,9223372036854775808,0,--.--,--.--,--.--,--.--,--.--,0,0,0,0,37.4122950,-121.9985275,10SEG 88624 41081,0.7,1.1,344.6,3,10,--.--,--.--,,--.--,--.--,--.--,0,0,--.--,--.--,0,-0.1,-0.0,0.2,0.0,0.0,0.1,-0.1,-0.0,0.1,-0.0,-0.0,-1.5,--.--,--.--,--.--,--.--,7.1,8.5,118.2,34.5,32.5,5.3,288.15,--.--,--.--,0,0,0.0,0.0,0.0,0,0,0,--.--,--.--,--.--
2026-07-09 15:39:05.051,0.2,0.3,118,-0.0,0.0,0.0,0.0,1.0,0.000,-0.1,0.1,37.6,36.6,0.021,0.000,0.000,0.000,0.0,00:00:32,0.0,3.3,1,--.--,0,--.--,--.--,0000:32:26,99,0,0,1,1,15.30,-1.00,-24,--.--,51,--.--,--:--:--,1,-15.30,15:39:05,20:39:05,7/9/26,--.--,--.--,--.--,--.--,--.--,--.--,--.--,--.--,--.--,--.--,--.--,--.--,0,--.--,--.--,--.--,--.--,--.--,--.--,--.--,--.--,--.--,--.--,--.--,--.--,--.--,--.--,--.--,--.--,0,0.000,0.000,0.000,0.000,0.000,0.000,0.000,0.000,0.000,0.000,0.000,0.000,true,true,true,true,true,true,false,false,true,true,false,false,0.02,0.01,0.01,0.00,--.--,--.--,0.15,0.17,9223372036854775808,0,--.--,--.--,--.--,--.--,--.--,0,0,0,0,37.4122947,-121.9985272,10SEG 88624 41081,0.7,1.1,3.1,3,10,--.--,--.--,,--.--,--.--,--.--,0,0,--.--,--.--,0,-0.0,-0.0,0.2,0.0,-0.0,0.1,-0.1,-0.0,0.1,-0.0,-0.0,-1.5,--.--,--.--,--.--,--.--,8.1,8.6,118.2,39.3,33.0,6.1,288.15,--.--,--.--,0,0,0.0,0.0,0.0,0,0,0,--.--,--.--,--.--
2026-07-09 15:39:06.051,0.2,0.3,118,0.0,0.0,0.0,0.0,-1.0,0.000,-0.1,0.1,37.6,36.6,0.023,0.000,0.000,0.000,0.0,00:00:33,0.0,3.5,1,--.--,0,--.--,--.--,0000:32:26,99,0,0,1,1,15.30,-1.00,-24,--.--,51,--.--,--:--:--,1,-15.30,15:39:06,20:39:06,7/9/26,--.--,--.--,--.--,--.--,--.--,--.--,--.--,--.--,--.--,--.--,--.--,--.--,0,--.--,--.--,--.--,--.--,--.--,--.--,--.--,--.--,--.--,--.--,--.--,--.--,--.--,--.--,--.--,--.--,0,0.000,0.000,0.000,0.000,0.000,0.000,0.000,0.000,0.000,0.000,0.000,0.000,true,true,true,true,true,true,false,false,true,true,false,false,0.02,0.01,0.01,0.00,--.--,--.--,0.15,0.17,9223372036854775808,0,--.--,--.--,--.--,--.--,--.--,0,0,0,0,37.4122947,-121.9985274,10SEG 88624 41081,0.7,1.1,116.3,3,10,--.--,--.--,,--.--,--.--,--.--,0,0,--.--,--.--,0,-0.0,-0.0,0.2,0.0,-0.0,0.1,-0.1,-0.0,0.1,-0.0,-0.0,-1.5,--.--,--.--,--.--,--.--,8.8,8.9,118.2,42.7,34.1,6.7,288.15,--.--,--.--,0,0,0.0,0.0,0.0,0,0,0,--.--,--.--,--.--
2026-07-09 15:39:07.051,0.2,0.3,118,0.0,0.0,0.0,0.0,1.4,0.000,-0.1,0.1,37.6,36.6,0.023,0.000,0.000,0.000,0.0,00:00:34,0.0,2.2,1,--.--,0,--.--,--.--,0000:32:26,100,0,0,1,1,15.30,-1.00,-25,--.--,50,--.--,--:--:--,1,-15.30,15:39:07,20:39:07,7/9/26,--.--,--.--,--.--,--.--,--.--,--.--,--.--,--.--,--.--,--.--,--.--,--.--,0,--.--,--.--,--.--,--.--,--.--,--.--,--.--,--.--,--.--,--.--,--.--,--.--,--.--,--.--,--.--,--.--,0,0.000,0.000,0.000,0.000,0.000,0.000,0.000,0.000,0.000,0.000,0.000,0.000,true,true,true,true,true,true,false,false,true,true,false,false,0.03,0.00,0.01,0.00,--.--,--.--,0.15,0.17,9223372036854775808,0,--.--,--.--,--.--,--.--,--.--,0,0,0,0,37.4122950,-121.9985277,10SEG 88624 41081,0.7,1.1,145.8,3,10,--.--,--.--,,--.--,--.--,--.--,0,0,--.--,--.--,0,-0.1,-0.0,0.2,0.0,-0.0,0.1,-0.1,-0.0,0.1,-0.0,-0.0,-1.5,--.--,--.--,--.--,--.--,9.2,9.2,118.3,45.0,35.3,7.1,288.15,--.--,--.--,0,0,0.0,0.0,0.0,0,0,0,--.--,--.--,--.--
2026-07-09 15:39:08.051,0.2,0.3,118,-0.0,0.0,0.0,0.0,0.6,0.000,-0.1,0.1,37.6,36.6,0.021,0.000,0.000,0.000,0.0,00:00:35,0.0,0.3,1,--.--,0,--.--,--.--,0000:32:26,99,0,0,1,1,15.30,-1.00,-25,--.--,50,--.--,--:--:--,1,-15.30,15:39:08,20:39:08,7/9/26,--.--,--.--,--.--,--.--,--.--,--.--,--.--,--.--,--.--,--.--,--.--,--.--,0,--.--,--.--,--.--,--.--,--.--,--.--,--.--,--.--,--.--,--.--,--.--,--.--,--.--,--.--,--.--,--.--,0,0.000,0.000,0.000,0.000,0.000,0.000,0.000,0.000,0.000,0.000,0.000,0.000,true,true,true,true,true,true,false,false,true,true,false,false,0.03,0.00,0.01,0.00,--.--,--.--,0.15,0.17,9223372036854775808,0,--.--,--.--,--.--,--.--,--.--,0,0,0,0,37.4122945,-121.9985274,10SEG 88624 41081,0.7,1.1,346.2,3,10,--.--,--.--,,--.--,--.--,--.--,0,0,--.--,--.--,0,-0.1,-0.0,0.2,0.0,-0.0,0.1,-0.1,-0.0,0.1,-0.0,-0.0,-1.5,--.--,--.--,--.--,--.--,8.8,8.2,118.3,43.0,31.5,6.8,288.15,--.--,--.--,0,0,0.0,0.0,0.0,0,0,0,--.--,--.--,--.--
2026-07-09 15:39:09.051,0.2,0.3,118,-0.0,-0.0,-0.0,0.0,-0.6,0.000,-0.0,0.1,37.6,36.6,0.036,0.000,0.000,0.000,0.0,00:00:36,0.0,0.5,1,--.--,0,--.--,--.--,0000:32:26,100,0,0,1,1,15.30,-1.00,-25,--.--,50,--.--,--:--:--,1,-15.30,15:39:09,20:39:09,7/9/26,--.--,--.--,--.--,--.--,--.--,--.--,--.--,--.--,--.--,--.--,--.--,--.--,0,--.--,--.--,--.--,--.--,--.--,--.--,--.--,--.--,--.--,--.--,--.--,--.--,--.--,--.--,--.--,--.--,0,0.000,0.000,0.000,0.000,0.000,0.000,0.000,0.000,0.000,0.000,0.000,0.000,true,true,true,true,true,true,false,false,true,true,false,false,0.02,0.00,0.01,0.00,--.--,--.--,0.15,0.17,9223372036854775808,0,--.--,--.--,--.--,--.--,--.--,0,0,0,0,37.4122945,-121.9985273,10SEG 88624 41081,0.7,1.1,88.0,3,10,--.--,--.--,,--.--,--.--,--.--,0,0,--.--,--.--,0,-0.1,-0.1,0.1,-0.0,-0.0,0.0,-0.1,-0.0,0.1,-0.0,0.0,-1.5,--.--,--.--,--.--,--.--,8.4,7.4,118.4,40.8,28.4,6.5,288.15,--.--,--.--,0,0,0.0,0.0,0.0,0,0,0,--.--,--.--,--.--
2026-07-09 15:39:10.051,0.2,0.2,118,-0.0,0.0,-0.0,0.0,0.8,0.000,-0.0,0.1,37.7,36.6,0.045,0.000,0.000,0.000,0.0,00:00:37,0.0,0.6,1,--.--,0,--.--,--.--,0000:32:26,99,0,0,1,1,15.30,-1.00,-25,--.--,50,--.--,--:--:--,1,-15.30,15:39:10,20:39:10,7/9/26,--.--,--.--,--.--,--.--,--.--,--.--,--.--,--.--,--.--,--.--,--.--,--.--,0,--.--,--.--,--.--,--.--,--.--,--.--,--.--,--.--,--.--,--.--,--.--,--.--,--.--,--.--,--.--,--.--,0,0.000,0.000,0.000,0.000,0.000,0.000,0.000,0.000,0.000,0.000,0.000,0.000,true,true,true,true,true,true,false,false,true,true,false,false,0.02,0.00,0.01,0.00,--.--,--.--,0.15,0.17,9223372036854775808,0,--.--,--.--,--.--,--.--,--.--,0,0,0,0,37.4122945,-121.9985273,10SEG 88624 41081,0.7,1.1,265.6,3,10,--.--,--.--,,--.--,--.--,--.--,0,0,--.--,--.--,0,-0.1,-0.0,0.1,0.0,-0.0,0.0,-0.1,-0.0,0.1,0.0,-0.0,-1.5,--.--,--.--,--.--,--.--,8.1,7.1,118.4,39.7,27.4,6.3,288.15,--.--,--.--,0,0,0.0,0.0,0.0,0,0,0,--.--,--.--,--.--
2026-07-09 15:39:11.051,0.1,0.2,118,-0.0,0.0,0.0,0.0,0.7,0.000,-0.0,0.1,37.7,36.6,0.050,0.000,0.000,0.000,0.0,00:00:38,0.0,0.9,1,--.--,0,--.--,--.--,0000:32:26,99,0,0,1,1,15.30,-1.00,-26,--.--,50,--.--,--:--:--,1,-15.30,15:39:11,20:39:11,7/9/26,--.--,--.--,--.--,--.--,--.--,--.--,--.--,--.--,--.--,--.--,--.--,--.--,0,--.--,--.--,--.--,--.--,--.--,--.--,--.--,--.--,--.--,--.--,--.--,--.--,--.--,--.--,--.--,--.--,0,0.000,0.000,0.000,0.000,0.000,0.000,0.000,0.000,0.000,0.000,0.000,0.000,true,true,true,true,true,true,false,false,true,true,false,false,0.02,0.01,0.00,0.00,--.--,--.--,0.15,0.17,9223372036854775808,0,--.--,--.--,--.--,--.--,--.--,0,0,0,0,37.4122946,-121.9985273,10SEG 88624 41081,0.7,1.1,83.8,3,10,--.--,--.--,,--.--,--.--,--.--,0,0,--.--,--.--,0,-0.1,-0.0,0.1,0.0,-0.0,0.0,-0.1,-0.0,0.1,0.0,-0.0,-1.5,--.--,--.--,--.--,--.--,8.5,7.4,118.5,41.8,28.5,6.6,288.15,--.--,--.--,0,0,0.0,0.0,0.0,0,0,0,--.--,--.--,--.--
2026-07-09 15:39:12.051,0.1,0.2,118,-0.0,-0.0,0.0,0.0,-1.0,0.000,-0.0,0.1,37.7,36.6,0.071,0.000,0.000,0.000,0.0,00:00:39,0.0,1.4,1,--.--,0,--.--,--.--,0000:32:26,99,0,0,1,1,15.30,-1.00,-26,--.--,50,--.--,--:--:--,1,-15.30,15:39:12,20:39:12,7/9/26,--.--,--.--,--.--,--.--,--.--,--.--,--.--,--.--,--.--,--.--,--.--,--.--,0,--.--,--.--,--.--,--.--,--.--,--.--,--.--,--.--,--.--,--.--,--.--,--.--,--.--,--.--,--.--,--.--,0,0.000,0.000,0.000,0.000,0.000,0.000,0.000,0.000,0.000,0.000,0.000,0.000,true,true,true,true,true,true,false,false,true,true,false,false,0.02,0.01,0.00,0.00,--.--,--.--,0.15,0.17,9223372036854775808,0,--.--,--.--,--.--,--.--,--.--,0,0,0,0,37.4122949,-121.9985276,10SEG 88624 41081,0.7,1.1,1.6,3,10,--.--,--.--,,--.--,--.--,--.--,0,0,--.--,--.--,0,-0.1,-0.0,0.1,0.0,0.0,0.0,-0.1,-0.0,0.1,-0.0,-0.0,-1.5,--.--,--.--,--.--,--.--,9.5,7.8,118.6,47.0,30.1,7.5,288.15,--.--,--.--,0,0,0.0,0.0,0.0,0,0,0,--.--,--.--,--.--
2026-07-09 15:39:13.051,0.1,0.2,118,-0.0,0.0,0.0,0.0,-0.4,0.000,-0.0,0.1,37.7,36.6,0.088,0.000,0.000,0.000,0.0,00:00:40,0.0,1.6,1,--.--,0,--.--,--.--,0000:32:26,100,0,0,1,1,15.30,-1.00,-26,--.--,50,--.--,--:--:--,1,-15.30,15:39:13,20:39:13,7/9/26,--.--,--.--,--.--,--.--,--.--,--.--,--.--,--.--,--.--,--.--,--.--,--.--,0,--.--,--.--,--.--,--.--,--.--,--.--,--.--,--.--,--.--,--.--,--.--,--.--,--.--,--.--,--.--,--.--,0,0.000,0.000,0.000,0.000,0.000,0.000,0.000,0.000,0.000,0.000,0.000,0.000,true,true,true,true,true,true,false,false,true,true,false,false,0.01,0.00,0.01,0.01,--.--,--.--,0.15,0.17,9223372036854775808,0,--.--,--.--,--.--,--.--,--.--,0,0,0,0,37.4122948,-121.9985274,10SEG 88624 41081,0.7,1.1,263.9,3,10,--.--,--.--,,--.--,--.--,--.--,0,0,--.--,--.--,0,-0.0,-0.0,0.1,0.0,0.0,0.0,-0.1,-0.0,0.1,-0.0,-0.0,-1.5,--.--,--.--,--.--,--.--,10.7,8.2,118.7,53.0,31.6,8.5,288.15,--.--,--.--,0,0,0.0,0.0,0.0,0,0,0,--.--,--.--,--.--
2026-07-09 15:39:14.051,0.1,0.2,118,-0.0,0.0,0.0,0.0,1.1,0.000,-0.0,0.1,37.7,36.6,0.102,0.000,0.000,0.000,0.0,00:00:41,0.0,2.2,1,--.--,0,--.--,--.--,0000:32:26,100,0,0,1,1,15.30,-1.00,-26,--.--,50,--.--,--:--:--,1,-15.30,15:39:14,20:39:14,7/9/26,--.--,--.--,--.--,--.--,--.--,--.--,--.--,--.--,--.--,--.--,--.--,--.--,0,--.--,--.--,--.--,--.--,--.--,--.--,--.--,--.--,--.--,--.--,--.--,--.--,--.--,--.--,--.--,--.--,0,0.000,0.000,0.000,0.000,0.000,0.000,0.000,0.000,0.000,0.000,0.000,0.000,true,true,true,true,true,true,false,false,true,true,false,false,0.01,0.00,0.01,0.01,--.--,--.--,0.15,0.17,9223372036854775808,0,--.--,--.--,--.--,--.--,--.--,0,0,0,0,37.4122951,-121.9985276,10SEG 88624 41081,0.7,1.1,185.9,3,10,--.--,--.--,,--.--,--.--,--.--,0,0,--.--,--.--,0,-0.0,-0.0,0.1,0.0,0.0,0.0,-0.1,-0.0,0.0,-0.0,-0.0,-1.5,--.--,--.--,--.--,--.--,11.5,8.2,118.8,56.7,31.8,9.2,288.15,--.--,--.--,0,0,0.0,0.0,0.0,0,0,0,--.--,--.--,--.--
2026-07-09 15:39:15.051,0.1,0.2,118,-0.0,-0.0,0.0,0.0,-1.6,0.000,-0.0,0.1,37.7,36.6,0.106,0.000,0.000,0.000,0.0,00:00:42,0.0,2.4,1,--.--,0,--.--,--.--,0000:32:26,99,0,0,1,1,15.30,-1.00,-27,--.--,50,--.--,--:--:--,1,-15.30,15:39:15,20:39:15,7/9/26,--.--,--.--,--.--,--.--,--.--,--.--,--.--,--.--,--.--,--.--,--.--,--.--,0,--.--,--.--,--.--,--.--,--.--,--.--,--.--,--.--,--.--,--.--,--.--,--.--,--.--,--.--,--.--,--.--,0,0.000,0.000,0.000,0.000,0.000,0.000,0.000,0.000,0.000,0.000,0.000,0.000,true,true,true,true,true,true,false,false,true,true,false,false,0.01,0.00,0.00,0.00,--.--,--.--,0.15,0.17,9223372036854775808,0,--.--,--.--,--.--,--.--,--.--,0,0,0,0,37.4122946,-121.9985277,10SEG 88624 41081,0.7,1.1,352.5,3,10,--.--,--.--,,--.--,--.--,--.--,0,0,--.--,--.--,0,-0.0,-0.0,0.1,0.0,-0.0,0.0,-0.1,-0.0,0.0,-0.0,-0.0,-1.5,--.--,--.--,--.--,--.--,12.3,7.6,118.9,61.1,29.0,10.0,288.15,--.--,--.--,0,0,0.0,0.0,0.0,0,0,0,--.--,--.--,--.--
2026-07-09 15:39:16.051,0.1,0.2,118,0.0,0.0,0.0,0.0,-0.5,0.000,0.0,0.2,37.7,36.6,0.119,0.000,0.000,0.000,0.0,00:00:43,0.1,2.1,1,--.--,0,--.--,--.--,0000:32:26,100,0,0,1,1,15.30,-1.00,-27,--.--,50,--.--,--:--:--,1,-15.30,15:39:16,20:39:16,7/9/26,--.--,--.--,--.--,--.--,--.--,--.--,--.--,--.--,--.--,--.--,--.--,--.--,0,--.--,--.--,--.--,--.--,--.--,--.--,--.--,--.--,--.--,--.--,--.--,--.--,--.--,--.--,--.--,--.--,0,0.000,0.000,0.000,0.000,0.000,0.000,0.000,0.000,0.000,0.000,0.000,0.000,true,true,true,true,true,true,false,false,true,true,false,false,0.01,0.00,0.00,0.00,--.--,--.--,0.15,0.17,9223372036854775808,0,--.--,--.--,--.--,--.--,--.--,0,0,0,0,37.4122949,-121.9985271,10SEG 88624 41081,0.7,1.1,230.2,3,10,--.--,--.--,,--.--,--.--,--.--,0,0,--.--,--.--,0,-0.0,-0.0,0.1,0.0,-0.0,-0.0,-0.1,-0.0,0.0,-0.0,-0.0,-1.5,--.--,--.--,--.--,--.--,14.0,6.6,119.0,69.2,25.1,11.7,288.15,--.--,--.--,0,0,0.0,0.0,0.0,0,0,0,--.--,--.--,--.--
2026-07-09 15:39:17.051,0.1,0.2,119,0.0,-0.0,0.0,0.0,-1.9,0.000,0.0,0.2,37.7,36.6,0.140,0.000,0.000,0.000,0.0,00:00:44,0.0,2.0,1,--.--,0,--.--,--.--,0000:32:26,99,0,0,1,1,15.30,-1.00,-27,--.--,50,--.--,--:--:--,1,-15.30,15:39:17,20:39:17,7/9/26,--.--,--.--,--.--,--.--,--.--,--.--,--.--,--.--,--.--,--.--,--.--,--.--,0,--.--,--.--,--.--,--.--,--.--,--.--,--.--,--.--,--.--,--.--,--.--,--.--,--.--,--.--,--.--,--.--,0,0.000,0.000,0.000,0.000,0.000,0.000,0.000,0.000,0.000,0.000,0.000,0.000,true,true,true,true,true,true,false,false,true,true,false,false,0.01,0.01,0.00,0.01,--.--,--.--,0.15,0.17,9223372036854775808,0,--.--,--.--,--.--,--.--,--.--,0,0,0,0,37.4122946,-121.9985271,10SEG 88624 41081,0.7,1.1,58.0,3,10,--.--,--.--,,--.--,--.--,--.--,0,0,--.--,--.--,0,-0.0,-0.0,0.0,0.0,0.0,-0.0,-0.1,-0.0,0.0,-0.0,-0.0,-1.5,--.--,--.--,--.--,--.--,15.4,7.7,119.1,76.4,29.6,12.7,288.15,--.--,--.--,0,0,0.0,0.0,0.0,0,0,0,--.--,--.--,--.--
2026-07-09 15:39:18.051,0.1,0.2,119,-0.0,0.0,0.0,0.0,0.9,0.000,0.0,0.2,37.8,36.6,0.155,0.000,0.000,0.000,0.0,00:00:45,0.1,2.2,1,--.--,0,--.--,--.--,0000:32:26,100,0,0,1,1,15.30,-1.00,-27,--.--,50,--.--,--:--:--,1,-15.30,15:39:18,20:39:18,7/9/26,--.--,--.--,--.--,--.--,--.--,--.--,--.--,--.--,--.--,--.--,--.--,--.--,0,--.--,--.--,--.--,--.--,--.--,--.--,--.--,--.--,--.--,--.--,--.--,--.--,--.--,--.--,--.--,--.--,0,0.000,0.000,0.000,0.000,0.000,0.000,0.000,0.000,0.000,0.000,0.000,0.000,true,true,true,true,true,true,false,false,true,true,false,false,0.01,0.01,0.00,0.01,--.--,--.--,0.15,0.17,9223372036854775808,0,--.--,--.--,--.--,--.--,--.--,0,0,0,0,37.4122943,-121.9985272,10SEG 88624 41081,0.7,1.1,106.7,3,10,--.--,--.--,,--.--,--.--,--.--,0,0,--.--,--.--,0,-0.1,0.0,0.0,0.0,0.0,-0.0,-0.1,-0.0,-0.0,-0.0,-0.1,-1.5,--.--,--.--,--.--,--.--,15.3,8.5,119.1,75.8,32.6,12.5,288.15,--.--,--.--,0,0,0.0,0.0,0.0,0,0,0,--.--,--.--,--.--
2026-07-09 15:39:19.051,0.1,0.2,119,-0.0,-0.0,0.0,0.0,-1.2,0.000,0.0,0.2,37.8,36.6,0.145,0.000,0.000,0.000,0.0,00:00:46,0.1,3.4,1,--.--,0,--.--,--.--,0000:32:26,100,0,0,1,1,15.30,-1.00,-28,--.--,50,--.--,--:--:--,1,-15.30,15:39:19,20:39:19,7/9/26,--.--,--.--,--.--,--.--,--.--,--.--,--.--,--.--,--.--,--.--,--.--,--.--,0,--.--,--.--,--.--,--.--,--.--,--.--,--.--,--.--,--.--,--.--,--.--,--.--,--.--,--.--,--.--,--.--,0,0.000,0.000,0.000,0.000,0.000,0.000,0.000,0.000,0.000,0.000,0.000,0.000,true,true,true,true,true,true,false,false,true,true,false,false,0.01,0.01,0.00,0.00,--.--,--.--,0.15,0.17,9223372036854775808,0,--.--,--.--,--.--,--.--,--.--,0,0,0,0,37.4122948,-121.9985273,10SEG 88624 41081,0.7,1.1,6.2,3,10,--.--,--.--,,--.--,--.--,--.--,0,0,--.--,--.--,0,-0.1,0.0,0.0,0.0,0.0,-0.0,-0.1,-0.1,0.0,-0.0,-0.1,-1.5,--.--,--.--,--.--,--.--,14.9,9.1,119.2,73.9,35.2,12.1,288.15,--.--,--.--,0,0,0.0,0.0,0.0,0,0,0,--.--,--.--,--.--
2026-07-09 15:39:20.051,0.1,0.2,119,0.0,0.0,0.0,0.0,0.9,0.000,0.0,0.2,37.8,36.6,0.141,0.000,0.000,0.000,0.0,00:00:47,0.0,3.7,1,--.--,0,--.--,--.--,0000:32:26,100,0,0,1,1,15.30,-1.00,-28,--.--,50,--.--,--:--:--,1,-15.30,15:39:20,20:39:20,7/9/26,--.--,--.--,--.--,--.--,--.--,--.--,--.--,--.--,--.--,--.--,--.--,--.--,0,--.--,--.--,--.--,--.--,--.--,--.--,--.--,--.--,--.--,--.--,--.--,--.--,--.--,--.--,--.--,--.--,0,0.000,0.000,0.000,0.000,0.000,0.000,0.000,0.000,0.000,0.000,0.000,0.000,true,true,true,true,true,true,false,false,true,true,false,false,0.01,0.01,0.00,0.00,--.--,--.--,0.15,0.17,9223372036854775808,0,--.--,--.--,--.--,--.--,--.--,0,0,0,0,37.4122950,-121.9985275,10SEG 88624 41081,0.7,1.1,43.0,3,10,--.--,--.--,,--.--,--.--,--.--,0,0,--.--,--.--,0,-0.1,0.0,0.0,-0.0,0.0,-0.0,-0.1,-0.1,0.0,-0.0,-0.1,-1.5,--.--,--.--,--.--,--.--,14.6,9.7,119.2,72.0,37.6,11.6,288.15,--.--,--.--,0,0,0.0,0.0,0.0,0,0,0,--.--,--.--,--.--
2026-07-09 15:39:21.051,0.1,0.2,119,0.0,-0.0,0.0,0.0,1.5,0.000,0.0,0.2,37.8,36.6,0.153,0.000,0.000,0.000,0.0,00:00:48,0.1,2.3,1,--.--,0,--.--,--.--,0000:32:26,100,0,0,1,1,15.30,-1.00,-28,--.--,50,--.--,--:--:--,1,-15.30,15:39:21,20:39:21,7/9/26,--.--,--.--,--.--,--.--,--.--,--.--,--.--,--.--,--.--,--.--,--.--,--.--,0,--.--,--.--,--.--,--.--,--.--,--.--,--.--,--.--,--.--,--.--,--.--,--.--,--.--,--.--,--.--,--.--,0,0.000,0.000,0.000,0.000,0.000,0.000,0.000,0.000,0.000,0.000,0.000,0.000,true,true,true,true,true,true,false,false,true,true,false,false,0.01,0.01,0.00,0.00,--.--,--.--,0.15,0.17,9223372036854775808,0,--.--,--.--,--.--,--.--,--.--,0,0,0,0,37.4122946,-121.9985278,10SEG 88624 41081,0.7,1.1,105.7,3,10,--.--,--.--,,--.--,--.--,--.--,0,0,--.--,--.--,0,-0.1,0.0,0.0,-0.0,0.0,-0.0,-0.1,-0.0,-0.4,-0.0,-0.0,-1.8,--.--,--.--,--.--,--.--,14.3,10.2,119.2,70.5,39.3,11.3,288.15,--.--,--.--,0,0,0.0,0.0,0.0,0,0,0,--.--,--.--,--.--
2026-07-09 15:39:22.051,0.1,0.2,119,0.0,-0.0,0.0,0.0,-1.6,0.000,0.0,0.2,37.8,36.6,0.170,0.000,0.000,0.000,0.0,00:00:49,0.0,2.3,1,--.--,0,--.--,--.--,0000:32:26,100,0,0,1,1,15.30,-1.00,-28,--.--,50,--.--,--:--:--,1,-15.30,15:39:22,20:39:22,7/9/26,--.--,--.--,--.--,--.--,--.--,--.--,--.--,--.--,--.--,--.--,--.--,--.--,0,--.--,--.--,--.--,--.--,--.--,--.--,--.--,--.--,--.--,--.--,--.--,--.--,--.--,--.--,--.--,--.--,0,0.000,0.000,0.000,0.000,0.000,0.000,0.000,0.000,0.000,0.000,0.000,0.000,true,true,true,true,true,true,false,false,true,true,false,false,0.01,0.01,0.00,0.00,--.--,--.--,0.15,0.17,9223372036854775808,0,--.--,--.--,--.--,--.--,--.--,0,0,0,0,37.4122948,-121.9985269,10SEG 88624 41081,0.7,1.1,20.8,3,10,--.--,--.--,,--.--,--.--,--.--,0,0,--.--,--.--,0,-0.1,-0.0,0.0,-0.0,-0.0,-0.0,-0.1,-0.0,-0.9,0.0,0.0,-0.8,--.--,--.--,--.--,--.--,14.2,10.2,119.3,70.3,39.4,11.2,288.15,--.--,--.--,0,0,0.0,0.0,0.0,0,0,0,--.--,--.--,--.--
2026-07-09 15:39:23.051,0.1,0.2,119,0.0,0.0,0.0,0.0,-1.6,0.000,-0.0,0.2,37.8,36.6,0.157,0.000,0.000,0.000,0.0,00:00:50,0.0,1.5,1,--.--,0,--.--,--.--,0000:32:26,100,0,0,1,1,15.30,-1.00,-29,--.--,50,--.--,--:--:--,1,-15.30,15:39:23,20:39:23,7/9/26,--.--,--.--,--.--,--.--,--.--,--.--,--.--,--.--,--.--,--.--,--.--,--.--,0,--.--,--.--,--.--,--.--,--.--,--.--,--.--,--.--,--.--,--.--,--.--,--.--,--.--,--.--,--.--,--.--,0,0.000,0.000,0.000,0.000,0.000,0.000,0.000,0.000,0.000,0.000,0.000,0.000,true,true,true,true,true,true,false,false,true,true,false,false,0.01,0.00,0.00,0.01,--.--,--.--,0.15,0.17,9223372036854775808,0,--.--,--.--,--.--,--.--,--.--,0,0,0,0,37.4122947,-121.9985279,10SEG 88624 41081,0.7,1.1,87.3,3,10,--.--,--.--,,--.--,--.--,--.--,0,0,--.--,--.--,0,-0.1,-0.0,0.0,-0.0,-0.0,0.0,-0.1,-0.0,-0.8,0.0,0.0,-0.8,--.--,--.--,--.--,--.--,14.3,10.1,119.4,70.7,39.1,11.3,288.15,--.--,--.--,0,0,0.0,0.0,0.0,0,0,0,--.--,--.--,--.--
2026-07-09 15:39:24.051,0.1,0.2,119,0.0,0.0,-0.0,0.0,-1.1,0.000,-0.0,0.2,37.8,36.6,0.158,0.000,0.000,0.000,0.0,00:00:51,0.0,1.2,1,--.--,0,--.--,--.--,0000:32:26,100,0,0,1,1,15.30,-1.00,-29,--.--,50,--.--,--:--:--,1,-15.30,15:39:24,20:39:24,7/9/26,--.--,--.--,--.--,--.--,--.--,--.--,--.--,--.--,--.--,--.--,--.--,--.--,0,--.--,--.--,--.--,--.--,--.--,--.--,--.--,--.--,--.--,--.--,--.--,--.--,--.--,--.--,--.--,--.--,0,0.000,0.000,0.000,0.000,0.000,0.000,0.000,0.000,0.000,0.000,0.000,0.000,true,true,true,true,true,true,false,false,true,true,false,false,0.01,0.00,0.00,0.01,--.--,--.--,0.15,0.17,9223372036854775808,0,--.--,--.--,--.--,--.--,--.--,0,0,0,0,37.4122947,-121.9985274,10SEG 88624 41081,0.7,1.1,310.4,3,10,--.--,--.--,,--.--,--.--,--.--,0,0,--.--,--.--,0,-0.1,-0.0,0.0,-0.0,-0.0,0.0,-0.1,0.0,-0.8,0.0,0.0,-0.8,--.--,--.--,--.--,--.--,14.1,10.4,119.5,69.8,40.3,11.1,288.15,--.--,--.--,0,0,0.0,0.0,0.0,0,0,0,--.--,--.--,--.--
2026-07-09 15:39:25.051,0.0,0.2,119,-0.0,0.0,0.0,0.0,1.1,0.000,-0.0,0.2,37.8,36.6,0.159,0.000,0.000,0.000,0.0,00:00:52,0.0,1.0,1,--.--,0,--.--,--.--,0000:32:26,100,0,0,1,1,15.30,-1.00,-30,--.--,50,--.--,--:--:--,1,-15.30,15:39:25,20:39:25,7/9/26,--.--,--.--,--.--,--.--,--.--,--.--,--.--,--.--,--.--,--.--,--.--,--.--,0,--.--,--.--,--.--,--.--,--.--,--.--,--.--,--.--,--.--,--.--,--.--,--.--,--.--,--.--,--.--,--.--,0,0.000,0.000,0.000,0.000,0.000,0.000,0.000,0.000,0.000,0.000,0.000,0.000,true,true,true,true,true,true,false,false,true,true,false,false,0.02,0.01,0.00,0.00,--.--,--.--,0.15,0.17,9223372036854775808,0,--.--,--.--,--.--,--.--,--.--,0,0,0,0,37.4122947,-121.9985278,10SEG 88624 41081,0.7,1.1,297.1,3,10,--.--,--.--,,--.--,--.--,--.--,0,0,--.--,--.--,0,-0.1,-0.0,0.0,-0.0,-0.0,0.0,-0.1,0.0,-0.8,-0.0,0.0,-0.8,--.--,--.--,--.--,--.--,14.6,9.8,119.7,72.4,37.6,11.6,288.15,--.--,--.--,0,0,0.0,0.0,0.0,0,0,0,--.--,--.--,--.--
2026-07-09 15:39:26.051,0.0,0.2,119,-0.0,0.0,0.0,0.0,-0.8,0.000,-0.0,0.2,37.8,36.6,0.154,0.000,0.000,0.000,0.0,00:00:53,0.0,0.6,1,--.--,0,--.--,--.--,0000:32:26,100,0,0,1,1,15.30,-1.00,-30,--.--,50,--.--,--:--:--,1,-15.30,15:39:26,20:39:26,7/9/26,--.--,--.--,--.--,--.--,--.--,--.--,--.--,--.--,--.--,--.--,--.--,--.--,0,--.--,--.--,--.--,--.--,--.--,--.--,--.--,--.--,--.--,--.--,--.--,--.--,--.--,--.--,--.--,--.--,0,0.000,0.000,0.000,0.000,0.000,0.000,0.000,0.000,0.000,0.000,0.000,0.000,true,true,true,true,true,true,false,false,true,true,false,false,0.02,0.01,0.00,0.00,--.--,--.--,0.15,0.17,9223372036854775808,0,--.--,--.--,--.--,--.--,--.--,0,0,0,0,37.4122949,-121.9985276,10SEG 88624 41081,0.7,1.1,335.2,3,10,--.--,--.--,,--.--,--.--,--.--,0,0,--.--,--.--,0,-0.0,-0.0,0.0,-0.0,-0.0,0.0,-0.1,0.0,-0.8,-0.0,0.0,-0.8,--.--,--.--,--.--,--.--,15.2,8.8,119.9,75.5,33.8,12.3,288.15,--.--,--.--,0,0,0.0,0.0,0.0,0,0,0,--.--,--.--,--.--
2026-07-09 15:39:27.051,-0.0,0.1,120,-0.0,-0.0,0.0,0.1,-0.8,0.000,-0.0,0.2,37.8,36.6,0.143,0.000,0.000,0.000,0.0,00:00:54,0.0,0.7,1,--.--,0,--.--,--.--,0000:32:26,100,0,0,1,1,15.30,-1.00,-30,--.--,50,--.--,--:--:--,1,-15.30,15:39:27,20:39:27,7/9/26,--.--,--.--,--.--,--.--,--.--,--.--,--.--,--.--,--.--,--.--,--.--,--.--,0,--.--,--.--,--.--,--.--,--.--,--.--,--.--,--.--,--.--,--.--,--.--,--.--,--.--,--.--,--.--,--.--,0,0.000,0.000,0.000,0.000,0.000,0.000,0.000,0.000,0.000,0.000,0.000,0.000,true,true,true,true,true,true,false,false,true,true,false,false,0.01,0.00,0.00,0.01,--.--,--.--,0.15,0.17,9223372036854775808,0,--.--,--.--,--.--,--.--,--.--,0,0,0,0,37.4122948,-121.9985275,10SEG 88624 41081,0.7,1.1,232.5,3,10,--.--,--.--,,--.--,--.--,--.--,0,0,--.--,--.--,0,-0.1,-0.1,0.0,-0.0,-0.1,0.0,-0.1,0.0,-0.8,-0.0,0.1,-0.8,--.--,--.--,--.--,--.--,13.3,6.2,120.1,66.4,23.7,11.2,288.15,--.--,--.--,0,0,0.0,0.0,0.0,0,0,0,--.--,--.--,--.--
2026-07-09 15:39:28.051,-0.1,0.1,120,-0.0,-0.0,0.0,0.0,-0.7,0.000,-0.0,0.2,37.8,36.6,0.134,0.000,0.000,0.000,0.0,00:00:55,0.0,0.6,1,--.--,0,--.--,--.--,0000:32:26,100,0,0,1,1,15.30,-1.00,-30,--.--,50,--.--,--:--:--,1,-15.30,15:39:28,20:39:28,7/9/26,--.--,--.--,--.--,--.--,--.--,--.--,--.--,--.--,--.--,--.--,--.--,--.--,0,--.--,--.--,--.--,--.--,--.--,--.--,--.--,--.--,--.--,--.--,--.--,--.--,--.--,--.--,--.--,--.--,0,0.000,0.000,0.000,0.000,0.000,0.000,0.000,0.000,0.000,0.000,0.000,0.000,true,true,true,true,true,true,false,false,true,true,false,false,0.01,0.00,0.00,0.01,--.--,--.--,0.15,0.17,9223372036854775808,0,--.--,--.--,--.--,--.--,--.--,0,0,0,0,37.4122947,-121.9985274,10SEG 88624 41081,0.7,1.1,12.2,3,10,--.--,--.--,,--.--,--.--,--.--,0,0,--.--,--.--,0,-0.1,-0.1,0.1,-0.0,-0.0,0.0,-0.1,0.0,-0.8,-0.0,0.1,-0.8,--.--,--.--,--.--,--.--,11.6,4.4,120.3,58.4,16.9,9.9,288.15,--.--,--.--,0,0,0.0,0.0,0.0,0,0,0,--.--,--.--,--.--
2026-07-09 15:39:29.051,-0.2,0.1,120,0.0,-0.0,0.0,0.0,-1.2,0.000,-0.0,0.2,37.7,36.6,0.125,0.000,0.000,0.000,0.0,00:00:56,0.0,1.0,1,--.--,0,--.--,--.--,0000:32:26,100,0,0,1,1,15.30,-1.00,-31,--.--,50,--.--,--:--:--,1,-15.30,15:39:29,20:39:29,7/9/26,--.--,--.--,--.--,--.--,--.--,--.--,--.--,--.--,--.--,--.--,--.--,--.--,0,--.--,--.--,--.--,--.--,--.--,--.--,--.--,--.--,--.--,--.--,--.--,--.--,--.--,--.--,--.--,--.--,0,0.000,0.000,0.000,0.000,0.000,0.000,0.000,0.000,0.000,0.000,0.000,0.000,true,true,true,true,true,true,false,false,true,true,false,false,0.02,0.01,0.00,0.01,--.--,--.--,0.15,0.17,9223372036854775808,0,--.--,--.--,--.--,--.--,--.--,0,0,0,0,37.4122947,-121.9985274,10SEG 88624 41081,0.7,1.1,281.5,3,10,--.--,--.--,,--.--,--.--,--.--,0,0,--.--,--.--,0,-0.1,-0.0,0.1,-0.0,-0.0,0.0,-0.1,0.0,-0.8,-0.0,0.0,-0.8,--.--,--.--,--.--,--.--,10.9,3.3,120.5,55.4,12.8,9.5,288.15,--.--,--.--,0,0,0.0,0.0,0.0,0,0,0,--.--,--.--,--.--
2026-07-09 15:39:30.051,-0.2,0.0,120,-0.0,-0.0,0.0,0.0,0.3,0.000,-0.0,0.2,37.7,36.6,0.118,0.000,0.000,0.000,0.0,00:00:57,0.0,5.2,1,--.--,0,--.--,--.--,0000:32:26,100,0,0,1,1,15.30,-1.00,-31,--.--,50,--.--,--:--:--,1,-15.30,15:39:30,20:39:30,7/9/26,--.--,--.--,--.--,--.--,--.--,--.--,--.--,--.--,--.--,--.--,--.--,--.--,0,--.--,--.--,--.--,--.--,--.--,--.--,--.--,--.--,--.--,--.--,--.--,--.--,--.--,--.--,--.--,--.--,0,0.000,0.000,0.000,0.000,0.000,0.000,0.000,0.000,0.000,0.000,0.000,0.000,true,true,true,true,true,true,false,false,true,true,false,false,0.02,0.01,0.00,0.01,--.--,--.--,0.15,0.17,9223372036854775808,0,--.--,--.--,--.--,--.--,--.--,0,0,0,0,37.4122949,-121.9985278,10SEG 88624 41081,0.7,1.1,254.4,3,10,--.--,--.--,,--.--,--.--,--.--,0,0,--.--,--.--,0,-0.1,-0.0,0.1,-0.0,0.0,0.0,-0.1,0.0,-0.8,-0.0,0.0,-0.8,--.--,--.--,--.--,--.--,10.6,2.3,120.7,53.7,8.9,9.2,288.15,--.--,--.--,0,0,0.0,0.0,0.0,0,0,0,--.--,--.--,--.--
2026-07-09 15:39:31.051,-0.2,0.0,120,-0.0,-0.0,0.0,0.0,-1.0,0.000,-0.0,0.2,37.7,36.6,0.110,0.000,0.000,0.000,0.0,00:00:58,0.0,0.9,1,--.--,0,--.--,--.--,0000:32:26,100,0,0,1,1,15.30,-1.00,-31,--.--,50,--.--,--:--:--,1,-15.30,15:39:31,20:39:31,7/9/26,--.--,--.--,--.--,--.--,--.--,--.--,--.--,--.--,--.--,--.--,--.--,--.--,0,--.--,--.--,--.--,--.--,--.--,--.--,--.--,--.--,--.--,--.--,--.--,--.--,--.--,--.--,--.--,--.--,0,0.000,0.000,0.000,0.000,0.000,0.000,0.000,0.000,0.000,0.000,0.000,0.000,true,true,true,true,true,true,false,false,true,true,false,false,0.01,0.00,0.00,0.01,--.--,--.--,0.15,0.17,9223372036854775808,0,--.--,--.--,--.--,--.--,--.--,0,0,0,0,37.4122951,-121.9985274,10SEG 88624 41081,0.7,1.1,316.0,3,10,--.--,--.--,,--.--,--.--,--.--,0,0,--.--,--.--,0,-0.0,-0.0,0.1,0.0,0.0,0.0,-0.1,0.0,-0.8,-0.0,0.0,-0.8,--.--,--.--,--.--,--.--,10.7,1.4,120.9,54.5,5.4,9.5,288.15,--.--,--.--,0,0,0.0,0.0,0.0,0,0,0,--.--,--.--,--.--
2026-07-09 15:39:32.051,-0.2,0.0,121,-0.0,-0.0,0.0,0.0,1.3,0.000,-0.0,0.2,37.7,36.6,0.113,0.000,0.000,0.000,0.0,00:00:59,0.0,1.4,1,--.--,0,--.--,--.--,0000:32:26,100,0,0,1,1,15.30,-1.00,-31,--.--,50,--.--,--:--:--,1,-15.30,15:39:32,20:39:32,7/9/26,--.--,--.--,--.--,--.--,--.--,--.--,--.--,--.--,--.--,--.--,--.--,--.--,0,--.--,--.--,--.--,--.--,--.--,--.--,--.--,--.--,--.--,--.--,--.--,--.--,--.--,--.--,--.--,--.--,0,0.000,0.000,0.000,0.000,0.000,0.000,0.000,0.000,0.000,0.000,0.000,0.000,true,true,true,true,true,true,false,false,true,true,false,false,0.01,0.00,0.00,0.01,--.--,--.--,0.15,0.17,9223372036854775808,0,--.--,--.--,--.--,--.--,--.--,0,0,0,0,37.4122949,-121.9985271,10SEG 88624 41081,0.7,1.1,186.1,3,10,--.--,--.--,,--.--,--.--,--.--,0,0,--.--,--.--,0,-0.0,-0.0,0.1,0.0,0.0,0.0,-0.1,0.0,-0.8,-0.0,0.0,-0.8,--.--,--.--,--.--,--.--,11.4,0.9,121.1,58.1,3.3,10.3,288.15,--.--,--.--,0,0,0.0,0.0,0.0,0,0,0,--.--,--.--,--.--
2026-07-09 15:39:33.051,-0.2,0.0,121,-0.0,-0.0,-0.0,0.0,1.8,0.000,-0.0,0.2,37.7,36.6,0.123,0.000,0.000,0.000,0.0,00:01:00,0.0,1.5,1,--.--,0,--.--,--.--,0000:32:26,100,0,0,1,1,15.30,-1.00,-32,--.--,50,--.--,--:--:--,1,-15.30,15:39:33,20:39:33,7/9/26,--.--,--.--,--.--,--.--,--.--,--.--,--.--,--.--,--.--,--.--,--.--,--.--,0,--.--,--.--,--.--,--.--,--.--,--.--,--.--,--.--,--.--,--.--,--.--,--.--,--.--,--.--,--.--,--.--,0,0.000,0.000,0.000,0.000,0.000,0.000,0.000,0.000,0.000,0.000,0.000,0.000,true,true,true,true,true,true,false,false,true,true,false,false,0.01,0.01,0.00,0.01,--.--,--.--,0.15,0.17,9223372036854775808,0,--.--,--.--,--.--,--.--,--.--,0,0,0,0,37.4122950,-121.9985277,10SEG 88624 41081,0.7,1.1,58.0,3,10,--.--,--.--,,--.--,--.--,--.--,0,0,--.--,--.--,0,-0.0,-0.0,0.1,0.0,0.0,0.0,-0.1,0.0,-0.8,-0.0,0.0,-0.8,--.--,--.--,--.--,--.--,11.6,0.5,121.3,58.9,1.9,10.5,288.15,--.--,--.--,0,0,0.0,0.0,0.0,0,0,0,--.--,--.--,--.--
2026-07-09 15:39:34.051,-0.3,0.0,121,-0.0,-0.0,0.0,0.0,-1.1,0.000,-0.0,0.2,37.7,36.6,0.136,0.000,0.000,0.000,0.0,00:01:01,0.0,1.2,1,--.--,0,--.--,--.--,0000:32:26,100,0,0,1,1,15.30,-1.00,-32,--.--,50,--.--,--:--:--,1,-15.30,15:39:34,20:39:34,7/9/26,--.--,--.--,--.--,--.--,--.--,--.--,--.--,--.--,--.--,--.--,--.--,--.--,0,--.--,--.--,--.--,--.--,--.--,--.--,--.--,--.--,--.--,--.--,--.--,--.--,--.--,--.--,--.--,--.--,0,0.000,0.000,0.000,0.000,0.000,0.000,0.000,0.000,0.000,0.000,0.000,0.000,true,true,true,true,true,true,false,false,true,true,false,false,0.01,0.01,0.00,0.01,--.--,--.--,0.15,0.17,9223372036854775808,0,--.--,--.--,--.--,--.--,--.--,0,0,0,0,37.4122947,-121.9985276,10SEG 88624 41081,0.7,1.1,62.7,3,10,--.--,--.--,,--.--,--.--,--.--,0,0,--.--,--.--,0,-0.0,0.0,0.0,0.0,0.0,0.0,-0.1,0.0,-0.8,-0.0,0.0,-0.8,--.--,--.--,--.--,--.--,12.3,0.6,121.5,62.8,2.2,11.2,288.15,--.--,--.--,0,0,0.0,0.0,0.0,0,0,0,--.--,--.--,--.--
2026-07-09 15:39:35.051,-0.3,0.0,121,-0.0,-0.0,0.0,0.0,1.2,0.000,0.0,0.2,37.8,36.6,0.134,0.000,0.000,0.000,0.0,00:01:02,0.0,1.4,1,--.--,0,--.--,--.--,0000:32:26,100,0,0,1,1,15.30,-1.00,-32,--.--,50,--.--,--:--:--,1,-15.30,15:39:35,20:39:35,7/9/26,--.--,--.--,--.--,--.--,--.--,--.--,--.--,--.--,--.--,--.--,--.--,--.--,0,--.--,--.--,--.--,--.--,--.--,--.--,--.--,--.--,--.--,--.--,--.--,--.--,--.--,--.--,--.--,--.--,0,0.000,0.000,0.000,0.000,0.000,0.000,0.000,0.000,0.000,0.000,0.000,0.000,true,true,true,true,true,true,false,false,true,true,false,false,0.01,0.01,0.00,0.01,--.--,--.--,0.15,0.17,9223372036854775808,0,--.--,--.--,--.--,--.--,--.--,0,0,0,0,37.4122950,-121.9985274,10SEG 88624 41081,0.7,1.1,202.4,3,10,--.--,--.--,,--.--,--.--,--.--,0,0,--.--,--.--,0,-0.0,0.0,0.1,0.0,0.0,-0.0,-0.1,0.0,-0.8,-0.0,0.0,-0.8,--.--,--.--,--.--,--.--,13.2,1.0,121.6,67.3,3.7,12.1,288.15,--.--,--.--,0,0,0.0,0.0,0.0,0,0,0,--.--,--.--,--.--
2026-07-09 15:39:36.051,-0.2,0.1,121,-0.0,0.0,0.0,0.0,1.4,0.000,0.0,0.2,37.7,36.6,0.147,0.000,0.000,0.000,0.0,00:01:03,0.0,1.2,1,--.--,0,--.--,--.--,0000:32:26,100,0,0,1,1,15.30,-1.00,-32,--.--,50,--.--,--:--:--,1,-15.30,15:39:36,20:39:36,7/9/26,--.--,--.--,--.--,--.--,--.--,--.--,--.--,--.--,--.--,--.--,--.--,--.--,0,--.--,--.--,--.--,--.--,--.--,--.--,--.--,--.--,--.--,--.--,--.--,--.--,--.--,--.--,--.--,--.--,0,0.000,0.000,0.000,0.000,0.000,0.000,0.000,0.000,0.000,0.000,0.000,0.000,true,true,true,true,true,true,false,false,true,true,false,false,0.01,0.01,0.00,0.01,--.--,--.--,0.15,0.17,9223372036854775808,0,--.--,--.--,--.--,--.--,--.--,0,0,0,0,37.4122946,-121.9985278,10SEG 88624 41081,0.7,1.1,198.6,3,10,--.--,--.--,,--.--,--.--,--.--,0,0,--.--,--.--,0,-0.1,-0.0,0.0,0.0,0.0,-0.0,-0.1,0.0,-0.8,-0.0,0.0,-0.8,--.--,--.--,--.--,--.--,13.5,1.2,121.7,68.5,4.2,12.3,288.15,--.--,--.--,0,0,0.0,0.0,0.0,0,0,0,--.--,--.--,--.--
2026-07-09 15:39:37.051,-0.2,0.1,121,-0.0,-0.0,0.0,0.0,-1.6,0.000,0.0,0.2,37.8,36.6,0.176,0.000,0.000,0.000,0.0,00:01:04,0.0,0.9,1,--.--,0,--.--,--.--,0000:32:26,100,0,0,1,1,15.30,-1.00,-33,--.--,50,--.--,--:--:--,1,-15.30,15:39:37,20:39:37,7/9/26,--.--,--.--,--.--,--.--,--.--,--.--,--.--,--.--,--.--,--.--,--.--,--.--,0,--.--,--.--,--.--,--.--,--.--,--.--,--.--,--.--,--.--,--.--,--.--,--.--,--.--,--.--,--.--,--.--,0,0.000,0.000,0.000,0.000,0.000,0.000,0.000,0.000,0.000,0.000,0.000,0.000,true,true,true,true,true,true,false,false,true,true,false,false,0.01,0.01,0.00,0.01,--.--,--.--,0.15,0.17,9223372036854775808,0,--.--,--.--,--.--,--.--,--.--,0,0,0,0,37.4122947,-121.9985274,10SEG 88624 41081,0.7,1.1,141.2,3,10,--.--,--.--,,--.--,--.--,--.--,0,0,--.--,--.--,0,-0.1,0.0,0.0,-0.0,0.0,-0.0,-0.1,0.0,-0.8,0.0,0.0,-0.8,--.--,--.--,--.--,--.--,13.6,2.0,121.8,69.0,7.4,12.3,288.15,--.--,--.--,0,0,0.0,0.0,0.0,0,0,0,--.--,--.--,--.--
2026-07-09 15:39:38.051,-0.2,0.1,121,-0.0,-0.0,0.0,0.0,-1.5,0.000,0.0,0.2,37.8,36.6,0.194,0.000,0.000,0.000,0.0,00:01:05,0.0,1.0,1,--.--,0,--.--,--.--,0000:32:26,100,0,0,1,1,15.30,-1.00,-33,--.--,50,--.--,--:--:--,1,-15.30,15:39:38,20:39:38,7/9/26,--.--,--.--,--.--,--.--,--.--,--.--,--.--,--.--,--.--,--.--,--.--,--.--,0,--.--,--.--,--.--,--.--,--.--,--.--,--.--,--.--,--.--,--.--,--.--,--.--,--.--,--.--,--.--,--.--,0,0.000,0.000,0.000,0.000,0.000,0.000,0.000,0.000,0.000,0.000,0.000,0.000,true,true,true,true,true,true,false,false,true,true,false,false,0.01,0.01,0.00,0.01,--.--,--.--,0.15,0.17,9223372036854775808,0,--.--,--.--,--.--,--.--,--.--,0,0,0,0,37.4122948,-121.9985273,10SEG 88624 41081,0.7,1.1,337.4,3,10,--.--,--.--,,--.--,--.--,--.--,0,0,--.--,--.--,0,-0.1,0.0,-0.0,-0.0,0.0,-0.0,-0.1,0.0,-0.8,0.0,0.0,-0.8,--.--,--.--,--.--,--.--,13.5,3.3,122.0,68.3,12.5,11.9,288.15,--.--,--.--,0,0,0.0,0.0,0.0,0,0,0,--.--,--.--,--.--
2026-07-09 15:39:39.051,-0.2,0.1,122,-0.0,-0.0,0.0,0.0,-0.9,0.000,0.0,0.2,37.8,36.6,0.206,0.000,0.000,0.000,0.0,00:01:06,0.0,1.9,1,--.--,0,--.--,--.--,0000:32:26,99,0,0,1,1,15.30,-1.00,-33,--.--,50,--.--,--:--:--,1,-15.30,15:39:39,20:39:39,7/9/26,--.--,--.--,--.--,--.--,--.--,--.--,--.--,--.--,--.--,--.--,--.--,--.--,0,--.--,--.--,--.--,--.--,--.--,--.--,--.--,--.--,--.--,--.--,--.--,--.--,--.--,--.--,--.--,--.--,0,0.000,0.000,0.000,0.000,0.000,0.000,0.000,0.000,0.000,0.000,0.000,0.000,true,true,true,true,true,true,false,false,true,true,false,false,0.02,0.01,0.00,0.01,--.--,--.--,0.15,0.17,9223372036854775808,0,--.--,--.--,--.--,--.--,--.--,0,0,0,0,37.4122945,-121.9985274,10SEG 88624 41081,0.7,1.1,46.9,3,10,--.--,--.--,,--.--,--.--,--.--,0,0,--.--,--.--,0,-0.1,0.0,-0.0,0.0,0.0,-0.0,-0.1,0.0,-0.8,0.0,0.0,-0.7,--.--,--.--,--.--,--.--,13.5,3.2,122.1,68.3,11.8,11.9,288.15,--.--,--.--,0,0,0.0,0.0,0.0,0,0,0,--.--,--.--,--.--
2026-07-09 15:39:40.051,-0.2,0.2,122,-0.0,-0.0,0.0,0.0,-1.2,0.000,0.0,0.3,37.8,36.6,0.216,0.000,0.000,0.000,0.0,00:01:07,0.0,3.8,1,--.--,0,--.--,--.--,0000:32:26,100,0,0,1,1,15.30,-1.00,-33,--.--,50,--.--,--:--:--,1,-15.30,15:39:40,20:39:40,7/9/26,--.--,--.--,--.--,--.--,--.--,--.--,--.--,--.--,--.--,--.--,--.--,--.--,0,--.--,--.--,--.--,--.--,--.--,--.--,--.--,--.--,--.--,--.--,--.--,--.--,--.--,--.--,--.--,--.--,0,0.000,0.000,0.000,0.000,0.000,0.000,0.000,0.000,0.000,0.000,0.000,0.000,true,true,true,true,true,true,false,false,true,true,false,false,0.02,0.01,0.00,0.01,--.--,--.--,0.15,0.17,9223372036854775808,0,--.--,--.--,--.--,--.--,--.--,0,0,0,0,37.4122948,-121.9985273,10SEG 88624 41081,0.7,1.1,186.8,3,10,--.--,--.--,,--.--,--.--,--.--,0,0,--.--,--.--,0,-0.1,-0.0,-0.0,0.0,-0.0,-0.0,-0.1,0.0,-0.8,0.0,0.0,-0.7,--.--,--.--,--.--,--.--,12.9,2.5,122.3,65.3,9.3,11.5,288.15,--.--,--.--,0,0,0.0,0.0,0.0,0,0,0,--.--,--.--,--.--
2026-07-09 15:39:41.051,-0.2,0.2,122,0.0,0.0,0.0,0.0,0.3,0.000,0.0,0.3,37.8,36.6,0.219,0.000,0.000,0.000,0.0,00:01:08,0.0,0.9,1,--.--,0,--.--,--.--,0000:32:26,99,0,0,1,1,15.30,-1.00,-34,--.--,50,--.--,--:--:--,1,-15.30,15:39:41,20:39:41,7/9/26,--.--,--.--,--.--,--.--,--.--,--.--,--.--,--.--,--.--,--.--,--.--,--.--,0,--.--,--.--,--.--,--.--,--.--,--.--,--.--,--.--,--.--,--.--,--.--,--.--,--.--,--.--,--.--,--.--,0,0.000,0.000,0.000,0.000,0.000,0.000,0.000,0.000,0.000,0.000,0.000,0.000,true,true,true,true,true,true,false,false,true,true,false,false,0.01,0.00,0.01,0.01,--.--,--.--,0.15,0.17,9223372036854775808,0,--.--,--.--,--.--,--.--,--.--,0,0,0,0,37.4122947,-121.9985276,10SEG 88624 41081,0.7,1.1,272.6,3,10,--.--,--.--,,--.--,--.--,--.--,0,0,--.--,--.--,0,-0.1,-0.0,-0.0,0.0,-0.0,-0.0,-0.1,0.0,-0.8,0.0,0.0,-0.7,--.--,--.--,--.--,--.--,12.3,1.3,122.4,62.6,4.6,11.1,288.15,--.--,--.--,0,0,0.0,0.0,0.0,0,0,0,--.--,--.--,--.--
2026-07-09 15:39:42.051,-0.2,0.1,122,-0.0,0.0,0.0,0.0,-1.0,0.000,0.1,0.3,37.8,36.6,0.225,0.000,0.000,0.000,0.0,00:01:09,0.0,0.4,1,--.--,0,--.--,--.--,0000:32:26,100,0,0,1,1,15.30,-1.00,-34,--.--,50,--.--,--:--:--,1,-15.30,15:39:42,20:39:42,7/9/26,--.--,--.--,--.--,--.--,--.--,--.--,--.--,--.--,--.--,--.--,--.--,--.--,0,--.--,--.--,--.--,--.--,--.--,--.--,--.--,--.--,--.--,--.--,--.--,--.--,--.--,--.--,--.--,--.--,0,0.000,0.000,0.000,0.000,0.000,0.000,0.000,0.000,0.000,0.000,0.000,0.000,true,true,true,true,true,true,false,false,true,true,false,false,0.01,0.00,0.01,0.01,--.--,--.--,0.15,0.17,9223372036854775808,0,--.--,--.--,--.--,--.--,--.--,0,0,0,0,37.4122948,-121.9985280,10SEG 88624 41081,0.7,1.1,178.9,3,10,--.--,--.--,,--.--,--.--,--.--,0,0,--.--,--.--,0,-0.1,-0.0,-0.0,0.0,-0.0,-0.1,-0.1,0.0,-0.8,-0.0,0.0,-0.7,--.--,--.--,--.--,--.--,12.0,-0.0,122.5,60.9,-0.6,11.0,288.15,--.--,--.--,0,0,0.0,0.0,0.0,0,0,0,--.--,--.--,--.--
2026-07-09 15:39:43.051,-0.2,0.1,122,-0.0,-0.0,0.0,0.0,-0.6,0.000,0.1,0.3,37.8,36.6,0.217,0.000,0.000,0.000,0.0,00:01:10,0.0,1.2,1,--.--,0,--.--,--.--,0000:32:26,100,0,0,1,1,15.30,-1.00,-35,--.--,50,--.--,--:--:--,1,-15.30,15:39:43,20:39:43,7/9/26,--.--,--.--,--.--,--.--,--.--,--.--,--.--,--.--,--.--,--.--,--.--,--.--,0,--.--,--.--,--.--,--.--,--.--,--.--,--.--,--.--,--.--,--.--,--.--,--.--,--.--,--.--,--.--,--.--,0,0.000,0.000,0.000,0.000,0.000,0.000,0.000,0.000,0.000,0.000,0.000,0.000,true,true,true,true,true,true,false,false,true,true,false,false,0.02,0.01,0.01,0.01,--.--,--.--,0.15,0.17,9223372036854775808,0,--.--,--.--,--.--,--.--,--.--,0,0,0,0,37.4122950,-121.9985274,10SEG 88624 41081,0.7,1.1,84.1,3,10,--.--,--.--,,--.--,--.--,--.--,0,0,--.--,--.--,0,-0.1,-0.0,-0.0,0.0,0.0,-0.1,-0.1,0.0,-0.8,0.0,0.0,-0.7,--.--,--.--,--.--,--.--,12.0,-0.0,122.6,61.1,-0.5,11.0,288.15,--.--,--.--,0,0,0.0,0.0,0.0,0,0,0,--.--,--.--,--.--
2026-07-09 15:39:44.051,-0.2,0.1,122,-0.0,0.0,0.0,0.0,-0.1,0.000,0.1,0.3,37.8,36.6,0.227,0.000,0.000,0.000,0.0,00:01:11,0.0,1.3,1,--.--,0,--.--,--.--,0000:32:26,100,0,0,1,1,15.30,-1.00,-35,--.--,50,--.--,--:--:--,1,-15.30,15:39:44,20:39:44,7/9/26,--.--,--.--,--.--,--.--,--.--,--.--,--.--,--.--,--.--,--.--,--.--,--.--,0,--.--,--.--,--.--,--.--,--.--,--.--,--.--,--.--,--.--,--.--,--.--,--.--,--.--,--.--,--.--,--.--,0,0.000,0.000,0.000,0.000,0.000,0.000,0.000,0.000,0.000,0.000,0.000,0.000,true,true,true,true,true,true,false,false,true,true,false,false,0.02,0.01,0.01,0.01,--.--,--.--,0.15,0.17,9223372036854775808,0,--.--,--.--,--.--,--.--,--.--,0,0,0,0,37.4122949,-121.9985273,10SEG 88624 41081,0.7,1.1,311.6,3,10,--.--,--.--,,--.--,--.--,--.--,0,0,--.--,--.--,0,-0.1,0.0,-0.0,0.0,0.0,-0.1,-0.1,0.0,-0.8,-0.0,0.0,-0.7,--.--,--.--,--.--,--.--,12.6,-0.0,122.7,64.0,-0.4,11.6,288.15,--.--,--.--,0,0,0.0,0.0,0.0,0,0,0,--.--,--.--,--.--
2026-07-09 15:39:45.068,-0.2,0.1,122,0.0,-0.0,0.0,0.0,1.8,0.000,0.1,0.3,37.8,36.6,0.245,0.000,0.000,0.000,0.0,00:01:12,0.0,1.3,1,--.--,0,--.--,--.--,0000:32:26,100,0,0,1,1,15.30,-1.00,-35,--.--,50,--.--,--:--:--,1,-15.30,15:39:45,20:39:45,7/9/26,--.--,--.--,--.--,--.--,--.--,--.--,--.--,--.--,--.--,--.--,--.--,--.--,0,--.--,--.--,--.--,--.--,--.--,--.--,--.--,--.--,--.--,--.--,--.--,--.--,--.--,--.--,--.--,--.--,0,0.000,0.000,0.000,0.000,0.000,0.000,0.000,0.000,0.000,0.000,0.000,0.000,true,true,true,true,true,true,false,false,true,true,false,false,0.02,0.00,0.00,0.01,--.--,--.--,0.15,0.17,9223372036854775808,0,--.--,--.--,--.--,--.--,--.--,0,0,0,0,37.4122947,-121.9985272,10SEG 88624 41081,0.7,1.1,340.9,3,10,--.--,--.--,,--.--,--.--,--.--,0,0,--.--,--.--,0,-0.0,0.0,-0.1,0.0,0.0,-0.1,-0.1,0.0,-0.8,-0.0,0.0,-0.7,--.--,--.--,--.--,--.--,13.5,0.0,122.8,68.4,-0.5,12.5,288.15,--.--,--.--,0,0,0.0,0.0,0.0,0,0,0,--.--,--.--,--.--
2026-07-09 15:39:46.051,-0.2,0.1,122,-0.0,-0.0,0.0,0.0,1.1,0.000,0.1,0.3,37.9,36.6,0.256,0.000,0.000,0.000,0.0,00:01:13,0.0,1.3,1,--.--,0,--.--,--.--,0000:32:26,100,0,0,1,1,15.30,-1.00,-35,--.--,50,--.--,--:--:--,1,-15.30,15:39:46,20:39:46,7/9/26,--.--,--.--,--.--,--.--,--.--,--.--,--.--,--.--,--.--,--.--,--.--,--.--,0,--.--,--.--,--.--,--.--,--.--,--.--,--.--,--.--,--.--,--.--,--.--,--.--,--.--,--.--,--.--,--.--,0,0.000,0.000,0.000,0.000,0.000,0.000,0.000,0.000,0.000,0.000,0.000,0.000,true,true,true,true,true,true,false,false,true,true,false,false,0.02,0.00,0.00,0.01,--.--,--.--,0.15,0.17,9223372036854775808,0,--.--,--.--,--.--,--.--,--.--,0,0,0,0,37.4122949,-121.9985275,10SEG 88624 41081,0.7,1.1,226.5,3,10,--.--,--.--,,--.--,--.--,--.--,0,0,--.--,--.--,0,-0.0,-0.0,-0.1,0.0,0.0,-0.1,-0.1,0.0,-0.8,-0.0,0.0,-0.7,--.--,--.--,--.--,--.--,14.5,0.0,122.8,73.0,-0.5,13.5,288.15,--.--,--.--,0,0,0.0,0.0,0.0,0,0,0,--.--,--.--,--.--
2026-07-09 15:39:47.052,-0.1,0.1,122,-0.0,-0.0,0.0,0.0,-1.0,0.000,0.1,0.3,37.9,36.6,0.262,0.000,0.000,0.000,0.0,00:01:14,0.0,1.4,1,--.--,0,--.--,--.--,0000:32:26,100,0,0,1,1,15.30,-1.00,-36,--.--,50,--.--,--:--:--,1,-15.30,15:39:47,20:39:47,7/9/26,--.--,--.--,--.--,--.--,--.--,--.--,--.--,--.--,--.--,--.--,--.--,--.--,0,--.--,--.--,--.--,--.--,--.--,--.--,--.--,--.--,--.--,--.--,--.--,--.--,--.--,--.--,--.--,--.--,0,0.000,0.000,0.000,0.000,0.000,0.000,0.000,0.000,0.000,0.000,0.000,0.000,true,true,true,true,true,true,false,false,true,true,false,false,0.02,0.00,0.01,0.01,--.--,--.--,0.15,0.17,9223372036854775808,0,--.--,--.--,--.--,--.--,--.--,0,0,0,0,37.4122949,-121.9985274,10SEG 88624 41081,0.7,1.1,177.0,3,10,--.--,--.--,,--.--,--.--,--.--,0,0,--.--,--.--,0,-0.0,-0.0,-0.1,0.0,0.0,-0.1,-0.1,0.0,-0.8,-0.0,0.0,-0.7,--.--,--.--,--.--,--.--,15.3,0.0,122.9,76.8,-0.4,14.3,288.15,--.--,--.--,0,0,0.0,0.0,0.0,0,0,0,--.--,--.--,--.--
2026-07-09 15:39:48.051,-0.1,0.1,122,0.0,-0.0,0.0,0.0,-1.1,0.000,0.1,0.3,37.9,36.6,0.268,0.000,0.000,0.000,0.0,00:01:15,0.0,2.4,1,--.--,0,--.--,--.--,0000:32:26,100,0,0,1,1,15.30,-1.00,-36,--.--,50,--.--,--:--:--,1,-15.30,15:39:48,20:39:48,7/9/26,--.--,--.--,--.--,--.--,--.--,--.--,--.--,--.--,--.--,--.--,--.--,--.--,0,--.--,--.--,--.--,--.--,--.--,--.--,--.--,--.--,--.--,--.--,--.--,--.--,--.--,--.--,--.--,--.--,0,0.000,0.000,0.000,0.000,0.000,0.000,0.000,0.000,0.000,0.000,0.000,0.000,true,true,true,true,true,true,false,false,true,true,false,false,0.02,0.00,0.01,0.01,--.--,--.--,0.15,0.17,9223372036854775808,0,--.--,--.--,--.--,--.--,--.--,0,0,0,0,37.4122947,-121.9985275,10SEG 88624 41081,0.7,1.1,111.5,3,10,--.--,--.--,,--.--,--.--,--.--,0,0,--.--,--.--,0,-0.0,-0.0,-0.1,0.0,-0.0,-0.1,-0.1,0.0,-0.8,-0.0,0.0,-0.7,--.--,--.--,--.--,--.--,15.5,-0.0,122.9,77.8,-0.4,14.5,288.15,--.--,--.--,0,0,0.0,0.0,0.0,0,0,0,--.--,--.--,--.--
2026-07-09 15:39:49.051,-0.1,0.1,122,-0.0,-0.0,0.0,0.0,0.4,0.000,0.1,0.3,37.9,36.6,0.271,0.000,0.000,0.000,0.0,00:01:16,0.0,1.2,1,--.--,0,--.--,--.--,0000:32:26,100,0,0,1,1,15.30,-1.00,-36,--.--,50,--.--,--:--:--,1,-15.30,15:39:49,20:39:49,7/9/26,--.--,--.--,--.--,--.--,--.--,--.--,--.--,--.--,--.--,--.--,--.--,--.--,0,--.--,--.--,--.--,--.--,--.--,--.--,--.--,--.--,--.--,--.--,--.--,--.--,--.--,--.--,--.--,--.--,0,0.000,0.000,0.000,0.000,0.000,0.000,0.000,0.000,0.000,0.000,0.000,0.000,true,true,true,true,true,true,false,false,true,true,false,false,0.03,0.01,0.01,0.01,--.--,--.--,0.15,0.17,9223372036854775808,0,--.--,--.--,--.--,--.--,--.--,0,0,0,0,37.4122949,-121.9985271,10SEG 88624 41081,0.7,1.1,303.1,3,10,--.--,--.--,,--.--,--.--,--.--,0,0,--.--,--.--,0,-0.1,-0.0,-0.1,-0.0,-0.0,-0.1,-0.1,0.0,-0.8,-0.0,0.0,-0.7,--.--,--.--,--.--,--.--,14.7,-0.0,122.9,73.5,-0.3,13.7,288.15,--.--,--.--,0,0,0.0,0.0,0.0,0,0,0,--.--,--.--,--.--
2026-07-09 15:39:50.051,-0.1,0.1,122,-0.0,0.0,0.0,0.0,0.6,0.000,0.1,0.3,37.9,36.6,0.283,0.000,0.000,0.000,0.0,00:01:17,0.0,5.0,1,--.--,0,--.--,--.--,0000:32:26,100,0,0,1,1,15.30,-1.00,-36,--.--,50,--.--,--:--:--,1,-15.30,15:39:50,20:39:50,7/9/26,--.--,--.--,--.--,--.--,--.--,--.--,--.--,--.--,--.--,--.--,--.--,--.--,0,--.--,--.--,--.--,--.--,--.--,--.--,--.--,--.--,--.--,--.--,--.--,--.--,--.--,--.--,--.--,--.--,0,0.000,0.000,0.000,0.000,0.000,0.000,0.000,0.000,0.000,0.000,0.000,0.000,true,true,true,true,true,true,false,false,true,true,false,false,0.03,0.01,0.01,0.01,--.--,--.--,0.15,0.17,9223372036854775808,0,--.--,--.--,--.--,--.--,--.--,0,0,0,0,37.4122948,-121.9985275,10SEG 88624 41081,0.7,1.1,318.0,3,10,--.--,--.--,,--.--,--.--,--.--,0,0,--.--,--.--,0,-0.1,-0.0,-0.1,0.0,-0.0,-0.1,-0.1,0.0,-0.8,-0.0,0.0,-0.7,--.--,--.--,--.--,--.--,14.4,-0.0,122.9,72.3,-0.3,13.4,288.15,--.--,--.--,0,0,0.0,0.0,0.0,0,0,0,--.--,--.--,--.--
2026-07-09 15:39:51.051,-0.1,0.1,122,-0.0,-0.0,0.0,0.0,0.5,0.000,0.1,0.3,37.9,36.6,0.293,0.000,0.000,0.000,0.0,00:01:18,0.0,3.6,1,--.--,0,--.--,--.--,0000:32:26,100,0,0,1,1,15.30,-1.00,-37,--.--,50,--.--,--:--:--,1,-15.30,15:39:51,20:39:51,7/9/26,--.--,--.--,--.--,--.--,--.--,--.--,--.--,--.--,--.--,--.--,--.--,--.--,0,--.--,--.--,--.--,--.--,--.--,--.--,--.--,--.--,--.--,--.--,--.--,--.--,--.--,--.--,--.--,--.--,0,0.000,0.000,0.000,0.000,0.000,0.000,0.000,0.000,0.000,0.000,0.000,0.000,true,true,true,true,true,true,false,false,true,true,false,false,0.03,0.00,0.01,0.01,--.--,--.--,0.15,0.17,9223372036854775808,0,--.--,--.--,--.--,--.--,--.--,0,0,0,0,37.4122947,-121.9985272,10SEG 88624 41081,0.7,1.1,97.8,3,10,--.--,--.--,,--.--,--.--,--.--,0,0,--.--,--.--,0,-0.1,-0.0,-0.1,0.0,0.0,-0.1,-0.1,0.0,-0.8,-0.0,0.0,-0.7,--.--,--.--,--.--,--.--,14.4,-0.0,123.0,72.0,-0.2,13.4,288.15,--.--,--.--,0,0,0.0,0.0,0.0,0,0,0,--.--,--.--,--.--
2026-07-09 15:39:52.051,-0.1,0.1,122,-0.0,-0.0,0.0,0.0,-1.7,0.000,0.1,0.3,37.9,36.9,0.312,0.000,0.000,0.000,0.0,00:01:19,0.0,0.8,1,--.--,0,--.--,--.--,0000:32:26,100,0,0,1,1,15.30,-1.00,-37,--.--,50,--.--,--:--:--,1,-15.30,15:39:52,20:39:52,7/9/26,--.--,--.--,--.--,--.--,--.--,--.--,--.--,--.--,--.--,--.--,--.--,--.--,0,--.--,--.--,--.--,--.--,--.--,--.--,--.--,--.--,--.--,--.--,--.--,--.--,--.--,--.--,--.--,--.--,0,0.000,0.000,0.000,0.000,0.000,0.000,0.000,0.000,0.000,0.000,0.000,0.000,true,true,true,true,true,true,false,false,true,true,false,false,0.03,0.00,0.01,0.01,--.--,--.--,0.15,0.17,9223372036854775808,0,--.--,--.--,--.--,--.--,--.--,0,0,0,0,37.4122953,-121.9985275,10SEG 88624 41081,0.7,1.1,65.8,3,10,--.--,--.--,,--.--,--.--,--.--,0,0,--.--,--.--,0,-0.0,-0.0,-0.1,0.0,-0.0,-0.1,-0.1,0.0,-0.8,-0.0,0.0,-0.6,--.--,--.--,--.--,--.--,14.6,-0.0,123.0,73.0,-0.3,13.6,288.15,--.--,--.--,0,0,0.0,0.0,0.0,0,0,0,--.--,--.--,--.--
2026-07-09 15:39:53.051,-0.0,0.0,123,0.0,-0.0,0.0,0.0,0.7,0.000,0.1,0.4,37.9,36.9,0.325,0.000,0.000,0.000,0.0,00:01:20,0.0,0.9,1,--.--,0,--.--,--.--,0000:32:26,100,0,0,1,1,15.30,-1.00,-37,--.--,50,--.--,--:--:--,1,-15.30,15:39:53,20:39:53,7/9/26,--.--,--.--,--.--,--.--,--.--,--.--,--.--,--.--,--.--,--.--,--.--,--.--,0,--.--,--.--,--.--,--.--,--.--,--.--,--.--,--.--,--.--,--.--,--.--,--.--,--.--,--.--,--.--,--.--,0,0.000,0.000,0.000,0.000,0.000,0.000,0.000,0.000,0.000,0.000,0.000,0.000,true,true,true,true,true,true,false,false,true,true,false,false,0.03,0.00,0.01,0.01,--.--,--.--,0.15,0.17,9223372036854775808,0,--.--,--.--,--.--,--.--,--.--,0,0,0,0,37.4122950,-121.9985277,10SEG 88624 41081,0.7,1.1,28.6,3,10,--.--,--.--,,--.--,--.--,--.--,0,0,--.--,--.--,0,-0.0,-0.0,-0.1,0.0,0.0,-0.1,-0.1,0.0,-0.8,-0.0,0.0,-0.6,--.--,--.--,--.--,--.--,15.8,0.0,123.0,79.1,-0.1,14.8,288.15,--.--,--.--,0,0,0.0,0.0,0.0,0,0,0,--.--,--.--,--.--
2026-07-09 15:39:54.051,-0.0,0.0,122,-0.0,0.0,0.0,0.0,0.8,0.000,0.1,0.4,37.9,36.9,0.316,0.000,0.000,0.000,0.0,00:01:21,0.0,1.0,1,--.--,0,--.--,--.--,0000:32:26,100,0,0,1,1,15.30,-1.00,-37,--.--,50,--.--,--:--:--,1,-15.30,15:39:54,20:39:54,7/9/26,--.--,--.--,--.--,--.--,--.--,--.--,--.--,--.--,--.--,--.--,--.--,--.--,0,--.--,--.--,--.--,--.--,--.--,--.--,--.--,--.--,--.--,--.--,--.--,--.--,--.--,--.--,--.--,--.--,0,0.000,0.000,0.000,0.000,0.000,0.000,0.000,0.000,0.000,0.000,0.000,0.000,true,true,true,true,true,true,false,false,true,true,false,false,0.03,0.00,0.01,0.01,--.--,--.--,0.15,0.17,9223372036854775808,0,--.--,--.--,--.--,--.--,--.--,0,0,0,0,37.4122947,-121.9985275,10SEG 88624 41081,0.7,1.1,221.9,3,10,--.--,--.--,,--.--,--.--,--.--,0,0,--.--,--.--,0,-0.0,-0.0,-0.1,0.0,0.0,-0.1,-0.1,0.0,-0.8,-0.0,0.0,-0.6,--.--,--.--,--.--,--.--,15.5,-0.0,123.0,77.4,-0.1,14.5,288.15,--.--,--.--,0,0,0.0,0.0,0.0,0,0,0,--.--,--.--,--.--
2026-07-09 15:39:55.052,0.0,0.0,122,-0.0,0.0,0.0,0.0,1.4,0.000,0.1,0.4,37.9,36.9,0.312,0.000,0.000,0.000,0.0,00:01:22,0.0,0.9,1,--.--,0,--.--,--.--,0000:32:26,100,0,0,1,1,15.30,-1.00,-38,--.--,50,--.--,--:--:--,1,-15.30,15:39:55,20:39:55,7/9/26,--.--,--.--,--.--,--.--,--.--,--.--,--.--,--.--,--.--,--.--,--.--,--.--,0,--.--,--.--,--.--,--.--,--.--,--.--,--.--,--.--,--.--,--.--,--.--,--.--,--.--,--.--,--.--,--.--,0,0.000,0.000,0.000,0.000,0.000,0.000,0.000,0.000,0.000,0.000,0.000,0.000,true,true,true,true,true,true,false,false,true,true,false,false,0.04,0.01,0.01,0.00,--.--,--.--,0.15,0.17,9223372036854775808,0,--.--,--.--,--.--,--.--,--.--,0,0,0,0,37.4122949,-121.9985270,10SEG 88624 41081,0.7,1.1,298.4,3,10,--.--,--.--,,--.--,--.--,--.--,0,0,--.--,--.--,0,-0.0,-0.0,-0.1,0.0,-0.0,-0.1,-0.1,0.0,-0.8,-0.0,0.0,-0.6,--.--,--.--,--.--,--.--,14.9,-0.0,122.9,74.1,-0.0,13.9,288.15,--.--,--.--,0,0,0.0,0.0,0.0,0,0,0,--.--,--.--,--.--
2026-07-09 15:39:56.051,0.1,-0.0,122,0.0,-0.0,0.0,0.0,-0.9,0.000,0.1,0.4,37.9,36.9,0.329,0.000,0.000,0.000,0.0,00:01:23,0.0,1.3,1,--.--,0,--.--,--.--,0000:32:26,100,0,0,1,1,15.30,-1.00,-38,--.--,50,--.--,--:--:--,1,-15.30,15:39:56,20:39:56,7/9/26,--.--,--.--,--.--,--.--,--.--,--.--,--.--,--.--,--.--,--.--,--.--,--.--,0,--.--,--.--,--.--,--.--,--.--,--.--,--.--,--.--,--.--,--.--,--.--,--.--,--.--,--.--,--.--,--.--,0,0.000,0.000,0.000,0.000,0.000,0.000,0.000,0.000,0.000,0.000,0.000,0.000,true,true,true,true,true,true,false,false,true,true,false,false,0.04,0.01,0.01,0.00,--.--,--.--,0.15,0.17,9223372036854775808,0,--.--,--.--,--.--,--.--,--.--,0,0,0,0,37.4122949,-121.9985273,10SEG 88624 41081,0.7,1.1,266.1,3,10,--.--,--.--,,--.--,--.--,--.--,0,0,--.--,--.--,0,-0.0,-0.0,-0.1,0.0,0.0,-0.1,-0.1,0.0,-0.8,-0.0,0.0,-0.6,--.--,--.--,--.--,--.--,14.9,0.0,122.8,73.7,0.1,13.9,288.15,--.--,--.--,0,0,0.0,0.0,0.0,0,0,0,--.--,--.--,--.--
2026-07-09 15:39:57.051,0.1,-0.0,122,0.0,-0.0,0.0,0.0,-0.5,0.000,0.1,0.4,37.9,36.9,0.342,0.000,0.000,0.000,0.0,00:01:24,0.0,1.0,1,--.--,0,--.--,--.--,0000:32:26,100,0,0,1,1,15.30,-1.00,-38,--.--,50,--.--,--:--:--,1,-15.30,15:39:57,20:39:57,7/9/26,--.--,--.--,--.--,--.--,--.--,--.--,--.--,--.--,--.--,--.--,--.--,--.--,0,--.--,--.--,--.--,--.--,--.--,--.--,--.--,--.--,--.--,--.--,--.--,--.--,--.--,--.--,--.--,--.--,0,0.000,0.000,0.000,0.000,0.000,0.000,0.000,0.000,0.000,0.000,0.000,0.000,true,true,true,true,true,true,false,false,true,true,false,false,0.03,0.00,0.01,0.01,--.--,--.--,0.15,0.17,9223372036854775808,0,--.--,--.--,--.--,--.--,--.--,0,0,0,0,37.4122950,-121.9985277,10SEG 88624 41081,0.7,1.1,116.4,3,10,--.--,--.--,,--.--,--.--,--.--,0,0,--.--,--.--,0,-0.1,-0.0,-0.2,-0.0,0.0,-0.1,-0.1,0.0,-0.8,-0.0,0.0,-0.6,--.--,--.--,--.--,--.--,14.8,-0.0,122.8,73.5,0.2,13.8,288.15,--.--,--.--,0,0,0.0,0.0,0.0,0,0,0,--.--,--.--,--.--
2026-07-09 15:39:58.051,0.1,-0.0,122,0.0,-0.0,0.0,0.0,1.1,0.000,0.1,0.4,38.0,36.9,0.333,0.000,0.000,0.000,0.0,00:01:25,0.0,0.9,1,--.--,0,--.--,--.--,0000:32:26,100,0,0,1,1,15.30,-1.00,-38,--.--,50,--.--,--:--:--,1,-15.30,15:39:58,20:39:58,7/9/26,--.--,--.--,--.--,--.--,--.--,--.--,--.--,--.--,--.--,--.--,--.--,--.--,0,--.--,--.--,--.--,--.--,--.--,--.--,--.--,--.--,--.--,--.--,--.--,--.--,--.--,--.--,--.--,--.--,0,0.000,0.000,0.000,0.000,0.000,0.000,0.000,0.000,0.000,0.000,0.000,0.000,true,true,true,true,true,true,false,false,true,true,false,false,0.03,0.00,0.01,0.01,--.--,--.--,0.15,0.17,9223372036854775808,0,--.--,--.--,--.--,--.--,--.--,0,0,0,0,37.4122947,-121.9985273,10SEG 88624 41081,0.7,1.1,253.3,3,10,--.--,--.--,,--.--,--.--,--.--,0,0,--.--,--.--,0,-0.1,-0.0,-0.1,-0.0,0.0,-0.1,-0.1,0.0,-0.8,0.0,0.0,-0.6,--.--,--.--,--.--,--.--,14.9,-0.0,122.8,73.6,0.1,13.9,288.15,--.--,--.--,0,0,0.0,0.0,0.0,0,0,0,--.--,--.--,--.--
2026-07-09 15:39:59.051,0.2,-0.0,122,0.0,-0.0,0.0,0.0,-0.9,0.000,0.1,0.4,37.9,36.9,0.329,0.000,0.000,0.000,0.0,00:01:26,0.0,0.4,1,--.--,0,--.--,--.--,0000:32:26,100,0,0,1,1,15.30,-1.00,-39,--.--,50,--.--,--:--:--,1,-15.30,15:39:59,20:39:59,7/9/26,--.--,--.--,--.--,--.--,--.--,--.--,--.--,--.--,--.--,--.--,--.--,--.--,0,--.--,--.--,--.--,--.--,--.--,--.--,--.--,--.--,--.--,--.--,--.--,--.--,--.--,--.--,--.--,--.--,0,0.000,0.000,0.000,0.000,0.000,0.000,0.000,0.000,0.000,0.000,0.000,0.000,true,true,true,true,true,true,false,false,true,true,false,false,0.03,0.00,0.01,0.01,--.--,--.--,0.15,0.17,9223372036854775808,0,--.--,--.--,--.--,--.--,--.--,0,0,0,0,37.4122950,-121.9985275,10SEG 88624 41081,0.7,1.1,287.8,3,10,--.--,--.--,,--.--,--.--,--.--,0,0,--.--,--.--,0,-0.1,-0.0,-0.1,-0.0,0.0,-0.1,-0.1,0.0,-0.8,0.0,0.0,-0.6,--.--,--.--,--.--,--.--,14.3,-0.0,122.8,70.8,0.0,13.4,288.15,--.--,--.--,0,0,0.0,0.0,0.0,0,0,0,--.--,--.--,--.--
